repetition,fnr_worst_group,fnr_worst_group_reversal,fnr_gap,fnr_kendall_tau,fnr_ranking_instability,fpr_worst_group,fpr_worst_group_reversal,fpr_gap,fpr_kendall_tau,fpr_ranking_instability
1,AF,0,0.1427720137406699,0.9999999999999998,2.220446049250313e-16,AF,1,0.01583322654855186,0.42857142857142855,0.5714285714285714
2,AF,0,0.1375180643882026,0.9999999999999998,2.220446049250313e-16,IF,0,0.01652775515242013,0.9285714285714285,0.07142857142857151
3,AF,0,0.13966559330923684,0.9999999999999998,2.220446049250313e-16,IF,0,0.016456953398048226,0.9999999999999998,2.220446049250313e-16
4,AF,0,0.13993044242628036,0.9999999999999998,2.220446049250313e-16,IF,0,0.01680499447860559,0.9285714285714285,0.07142857142857151
5,AF,0,0.1378027198675194,0.9999999999999998,2.220446049250313e-16,IF,0,0.01606006028009252,0.9999999999999998,2.220446049250313e-16
6,AF,0,0.1381860447421027,0.9285714285714285,0.07142857142857151,IF,0,0.015949044905487736,0.9999999999999998,2.220446049250313e-16
7,AF,0,0.1394850287917654,0.9999999999999998,2.220446049250313e-16,IF,0,0.015915425239075603,0.9999999999999998,2.220446049250313e-16
8,AF,0,0.14333671945554413,0.9999999999999998,2.220446049250313e-16,IF,0,0.016224363850071418,0.9999999999999998,2.220446049250313e-16
9,AF,0,0.1408027907800578,0.9999999999999998,2.220446049250313e-16,IF,0,0.01643217741812384,0.9999999999999998,2.220446049250313e-16
10,AF,0,0.14220146277435874,0.9999999999999998,2.220446049250313e-16,IF,0,0.01561518356393593,0.9999999999999998,2.220446049250313e-16
11,AF,0,0.1450201222663351,0.9285714285714285,0.07142857142857151,IF,0,0.017013722779286044,0.9999999999999998,2.220446049250313e-16
12,AF,0,0.14602296358712114,0.9999999999999998,2.220446049250313e-16,IF,0,0.015811028609181852,0.9999999999999998,2.220446049250313e-16
13,AF,0,0.14192324086361718,0.9999999999999998,2.220446049250313e-16,IF,0,0.016414100838432505,0.9999999999999998,2.220446049250313e-16
14,AF,0,0.13632028511850344,0.9285714285714285,0.07142857142857151,IF,0,0.016320708395541412,0.9999999999999998,2.220446049250313e-16
15,AF,0,0.14027993968508143,0.9999999999999998,2.220446049250313e-16,AF,1,0.016000508806663073,0.4999999999999999,0.5000000000000001
16,AF,0,0.1438697232513947,0.9999999999999998,2.220446049250313e-16,IF,0,0.016224399781752247,0.9999999999999998,2.220446049250313e-16
17,AF,0,0.1423594675424685,0.9999999999999998,2.220446049250313e-16,AF,1,0.015930890664480103,0.42857142857142855,0.5714285714285714
18,AF,0,0.14323805664535874,0.9285714285714285,0.07142857142857151,IF,0,0.017175539516248284,0.9999999999999998,2.220446049250313e-16
19,AF,0,0.1409996907649151,0.9999999999999998,2.220446049250313e-16,AF,1,0.01639951930960149,0.4999999999999999,0.5000000000000001
20,AF,0,0.14210245434645125,0.9999999999999998,2.220446049250313e-16,AF,1,0.016031065907862373,0.42857142857142855,0.5714285714285714
21,AF,0,0.1473561196394867,0.9999999999999998,2.220446049250313e-16,IF,0,0.015648442147985192,0.9999999999999998,2.220446049250313e-16
22,AF,0,0.14824736798213406,0.9999999999999998,2.220446049250313e-16,AF,1,0.01615580746156142,0.42857142857142855,0.5714285714285714
23,AF,0,0.1443508792841806,0.9285714285714285,0.07142857142857151,AF,1,0.016066540052411014,0.42857142857142855,0.5714285714285714
24,AF,0,0.13797256050659606,0.9285714285714285,0.07142857142857151,AF,1,0.016510363457131787,0.4999999999999999,0.5000000000000001
25,AF,0,0.1382253448765558,0.9999999999999998,2.220446049250313e-16,AF,1,0.01646339530608941,0.4999999999999999,0.5000000000000001
26,AF,0,0.14556802850967906,0.9999999999999998,2.220446049250313e-16,IF,0,0.015780479332568827,0.9999999999999998,2.220446049250313e-16
27,AF,0,0.1402611752897932,0.9285714285714285,0.07142857142857151,IF,0,0.016677754982427885,0.9999999999999998,2.220446049250313e-16
28,AF,0,0.14028785744048228,0.9285714285714285,0.07142857142857151,IF,0,0.01622605439595773,0.9999999999999998,2.220446049250313e-16
29,AF,0,0.14128869852177184,0.9285714285714285,0.07142857142857151,IF,0,0.016113798628778844,0.9285714285714285,0.07142857142857151
30,AF,0,0.14761602762827347,0.9999999999999998,2.220446049250313e-16,IF,0,0.01607077856508908,0.9999999999999998,2.220446049250313e-16
31,AF,0,0.13763346262402681,0.9285714285714285,0.07142857142857151,IF,0,0.016551419934394032,0.9999999999999998,2.220446049250313e-16
32,AF,0,0.13816742709908292,0.9285714285714285,0.07142857142857151,AF,1,0.016046069890164685,0.4999999999999999,0.5000000000000001
33,AF,0,0.1471567468693523,0.9999999999999998,2.220446049250313e-16,IF,0,0.015553264331352708,0.9999999999999998,2.220446049250313e-16
34,AF,0,0.1421898183823126,0.9999999999999998,2.220446049250313e-16,IF,0,0.016222015676231785,0.9285714285714285,0.07142857142857151
35,AF,0,0.14381951626680348,0.9999999999999998,2.220446049250313e-16,IF,0,0.017163748630300388,0.9999999999999998,2.220446049250313e-16
36,AF,0,0.13969232340066595,0.9999999999999998,2.220446049250313e-16,IF,0,0.01545325342691216,0.9999999999999998,2.220446049250313e-16
37,AF,0,0.14397347380122266,0.9999999999999998,2.220446049250313e-16,IF,0,0.01604265220180173,0.9285714285714285,0.07142857142857151
38,AF,0,0.14400280279696925,0.9285714285714285,0.07142857142857151,IF,0,0.016518655444093467,0.9999999999999998,2.220446049250313e-16
39,AF,0,0.14335896847841506,0.9999999999999998,2.220446049250313e-16,IF,0,0.016813870495722468,0.9999999999999998,2.220446049250313e-16
40,AF,0,0.14322533268741103,0.9999999999999998,2.220446049250313e-16,IF,0,0.016060554088274965,0.9999999999999998,2.220446049250313e-16
41,AF,0,0.1422126828898303,0.9999999999999998,2.220446049250313e-16,IF,0,0.016580168487644244,0.9999999999999998,2.220446049250313e-16
42,AF,0,0.14425834118632247,0.9285714285714285,0.07142857142857151,IF,0,0.016759032300191767,0.9999999999999998,2.220446049250313e-16
43,AF,0,0.14058272279203715,0.9999999999999998,2.220446049250313e-16,AF,1,0.01677834186535136,0.4999999999999999,0.5000000000000001
44,AF,0,0.1440749838239309,0.9999999999999998,2.220446049250313e-16,IF,0,0.016225342536131903,0.6428571428571428,0.3571428571428572
45,AF,0,0.14037828476556563,0.9999999999999998,2.220446049250313e-16,IF,0,0.015872297238184174,0.6428571428571428,0.3571428571428572
46,AF,0,0.14147211220844835,0.9999999999999998,2.220446049250313e-16,AF,1,0.016642514827782905,0.4999999999999999,0.5000000000000001
47,AF,0,0.1357002523944881,0.9999999999999998,2.220446049250313e-16,IF,0,0.015677567028557434,0.9999999999999998,2.220446049250313e-16
48,AF,0,0.1452356525171734,0.9999999999999998,2.220446049250313e-16,AF,1,0.016198129024944167,0.4999999999999999,0.5000000000000001
49,AF,0,0.1400544118965831,0.9999999999999998,2.220446049250313e-16,IF,0,0.015772987485305867,0.9285714285714285,0.07142857142857151
50,AF,0,0.14354677902163937,0.9999999999999998,2.220446049250313e-16,IF,0,0.01693575439709275,0.9999999999999998,2.220446049250313e-16
51,AF,0,0.13828568723714116,0.9999999999999998,2.220446049250313e-16,AF,1,0.016996745250018926,0.42857142857142855,0.5714285714285714
52,AF,0,0.14540035252786365,0.9285714285714285,0.07142857142857151,AF,1,0.016404413976885385,0.4999999999999999,0.5000000000000001
53,AF,0,0.14446744558648966,0.9999999999999998,2.220446049250313e-16,IF,0,0.015851935471229154,0.9999999999999998,2.220446049250313e-16
54,AF,0,0.14689911038105405,0.9999999999999998,2.220446049250313e-16,IF,0,0.015950394266495034,0.9999999999999998,2.220446049250313e-16
55,AF,0,0.14336823959739786,0.9999999999999998,2.220446049250313e-16,IF,0,0.016251609703454722,0.9999999999999998,2.220446049250313e-16
56,AF,0,0.14720122757463555,0.9999999999999998,2.220446049250313e-16,AF,1,0.015513645117873285,0.4999999999999999,0.5000000000000001
57,AF,0,0.14523538958746368,0.9999999999999998,2.220446049250313e-16,IF,0,0.016395077066755196,0.9999999999999998,2.220446049250313e-16
58,AF,0,0.14032829735870872,0.9999999999999998,2.220446049250313e-16,IF,0,0.01582068036987079,0.9999999999999998,2.220446049250313e-16
59,AF,0,0.1407812827784829,0.9999999999999998,2.220446049250313e-16,IF,0,0.01584917191704538,0.9285714285714285,0.07142857142857151
60,AF,0,0.13927155339446545,0.9999999999999998,2.220446049250313e-16,IF,0,0.01637578204763706,0.9999999999999998,2.220446049250313e-16
61,AF,0,0.13787260946440136,0.9285714285714285,0.07142857142857151,IF,0,0.0162844662712701,0.9999999999999998,2.220446049250313e-16
62,AF,0,0.14037134935696036,0.9999999999999998,2.220446049250313e-16,AF,1,0.016185187811741084,0.4999999999999999,0.5000000000000001
63,AF,0,0.13866703581530002,0.9999999999999998,2.220446049250313e-16,IF,0,0.01654197844950633,0.9999999999999998,2.220446049250313e-16
64,AF,0,0.13575767627154883,0.9999999999999998,2.220446049250313e-16,IF,0,0.01657795954183719,0.9999999999999998,2.220446049250313e-16
65,AF,0,0.13989407273090232,0.9285714285714285,0.07142857142857151,IF,0,0.016841193336895283,0.9999999999999998,2.220446049250313e-16
66,AF,0,0.13943578583439523,0.9285714285714285,0.07142857142857151,AF,1,0.016892464514925473,0.4999999999999999,0.5000000000000001
67,AF,0,0.1410984423215161,0.9999999999999998,2.220446049250313e-16,AF,1,0.01675781734202627,0.4999999999999999,0.5000000000000001
68,AF,0,0.1380003867076332,0.9999999999999998,2.220446049250313e-16,AF,1,0.01574142853190785,0.4999999999999999,0.5000000000000001
69,AF,0,0.13916104601977583,0.9999999999999998,2.220446049250313e-16,IF,0,0.016271326604426598,0.9999999999999998,2.220446049250313e-16
70,AF,0,0.1452885632494329,0.9999999999999998,2.220446049250313e-16,AF,1,0.016477168799780846,0.4999999999999999,0.5000000000000001
71,AF,0,0.13464321760371442,0.9999999999999998,2.220446049250313e-16,IF,0,0.01573334154922416,0.9999999999999998,2.220446049250313e-16
72,AF,0,0.14207730396753693,0.9999999999999998,2.220446049250313e-16,IF,0,0.01593402360801659,0.9285714285714285,0.07142857142857151
73,AF,0,0.14029916494407252,0.9285714285714285,0.07142857142857151,IF,0,0.01650054571473582,0.9999999999999998,2.220446049250313e-16
74,AF,0,0.1414738157012732,0.9999999999999998,2.220446049250313e-16,AF,1,0.01555457245381733,0.4999999999999999,0.5000000000000001
75,AF,0,0.1394816426365578,0.9285714285714285,0.07142857142857151,IF,0,0.015800180150138614,0.9999999999999998,2.220446049250313e-16
76,AF,0,0.13833351213253164,0.9999999999999998,2.220446049250313e-16,IF,0,0.016385438741200506,0.9999999999999998,2.220446049250313e-16
77,AF,0,0.1479785932418209,0.9999999999999998,2.220446049250313e-16,IF,0,0.01678108735619579,0.5714285714285714,0.4285714285714286
78,AF,0,0.14574361377797956,0.9999999999999998,2.220446049250313e-16,IF,0,0.01637097719572019,0.6428571428571428,0.3571428571428572
79,AF,0,0.14513609315641463,0.9999999999999998,2.220446049250313e-16,AF,1,0.016404369028770262,0.42857142857142855,0.5714285714285714
80,AF,0,0.14502541164491517,0.9999999999999998,2.220446049250313e-16,IF,0,0.015902256911342172,0.9999999999999998,2.220446049250313e-16
81,AF,0,0.1468254612445166,0.9999999999999998,2.220446049250313e-16,AF,1,0.015954896940995885,0.4999999999999999,0.5000000000000001
82,AF,0,0.14123859504086053,0.9999999999999998,2.220446049250313e-16,IF,0,0.016229540335602737,0.9999999999999998,2.220446049250313e-16
83,AF,0,0.14445323149687617,0.9999999999999998,2.220446049250313e-16,IF,0,0.01630742030408671,0.9285714285714285,0.07142857142857151
84,AF,0,0.13590902907889973,0.9999999999999998,2.220446049250313e-16,IF,0,0.016047152341809312,0.9999999999999998,2.220446049250313e-16
85,AF,0,0.14439440027642805,0.9285714285714285,0.07142857142857151,IF,0,0.016084466807332897,0.9999999999999998,2.220446049250313e-16
86,AF,0,0.13949921592605585,0.9999999999999998,2.220446049250313e-16,AF,1,0.016578678350110954,0.4999999999999999,0.5000000000000001
87,AF,0,0.14334614958718597,0.9999999999999998,2.220446049250313e-16,IF,0,0.01585699058082155,0.9999999999999998,2.220446049250313e-16
88,AF,0,0.13705533914846524,0.9999999999999998,2.220446049250313e-16,IF,0,0.015925379189165954,0.9999999999999998,2.220446049250313e-16
89,AF,0,0.1388252546579325,0.9999999999999998,2.220446049250313e-16,IF,0,0.016238326176489473,0.9999999999999998,2.220446049250313e-16
90,AF,0,0.14181115005893363,0.9999999999999998,2.220446049250313e-16,IF,0,0.016561158005303233,0.9285714285714285,0.07142857142857151
91,AF,0,0.1418526514829439,0.9285714285714285,0.07142857142857151,IF,0,0.016164528641937213,0.6428571428571428,0.3571428571428572
92,AF,0,0.14104399779611562,0.9999999999999998,2.220446049250313e-16,IF,0,0.016149795899662974,0.9999999999999998,2.220446049250313e-16
93,AF,0,0.1431381132297545,0.9285714285714285,0.07142857142857151,IF,0,0.01609908372731657,0.9999999999999998,2.220446049250313e-16
94,AF,0,0.14183446117774076,0.9999999999999998,2.220446049250313e-16,IF,0,0.01601938559292209,0.9999999999999998,2.220446049250313e-16
95,AF,0,0.1378404398958465,0.9999999999999998,2.220446049250313e-16,AF,1,0.015767351064707908,0.4999999999999999,0.5000000000000001
96,AF,0,0.14129379070289694,0.9999999999999998,2.220446049250313e-16,IF,0,0.01616449914247397,0.9285714285714285,0.07142857142857151
97,AF,0,0.14876887351155613,0.9999999999999998,2.220446049250313e-16,AF,1,0.016643389793614474,0.4999999999999999,0.5000000000000001
98,AF,0,0.13932350970180035,0.9999999999999998,2.220446049250313e-16,IF,0,0.016477836642822923,0.6428571428571428,0.3571428571428572
99,AF,0,0.13895150668783854,0.9285714285714285,0.07142857142857151,IF,0,0.015881178431124167,0.9285714285714285,0.07142857142857151
100,AF,0,0.1406836489644935,0.9999999999999998,2.220446049250313e-16,IF,0,0.016321071057540423,0.9999999999999998,2.220446049250313e-16
101,AF,0,0.14250961896283607,0.9999999999999998,2.220446049250313e-16,IF,0,0.016985791300699844,0.9999999999999998,2.220446049250313e-16
102,AF,0,0.13568314810311866,0.9999999999999998,2.220446049250313e-16,IF,0,0.015958483994922085,0.9999999999999998,2.220446049250313e-16
103,AF,0,0.14354220171726984,0.9999999999999998,2.220446049250313e-16,IF,0,0.016662173652036982,0.9999999999999998,2.220446049250313e-16
104,AF,0,0.1422191223231857,0.9999999999999998,2.220446049250313e-16,AF,1,0.016620066937549787,0.4999999999999999,0.5000000000000001
105,AF,0,0.14173264217994982,0.9999999999999998,2.220446049250313e-16,AF,1,0.016478846838872428,0.42857142857142855,0.5714285714285714
106,AF,0,0.13937707693166224,0.9999999999999998,2.220446049250313e-16,IF,0,0.016256926065884796,0.5714285714285714,0.4285714285714286
107,AF,0,0.1377267600820581,0.9999999999999998,2.220446049250313e-16,AF,1,0.015966468378662536,0.4999999999999999,0.5000000000000001
108,AF,0,0.13833252604170077,0.9285714285714285,0.07142857142857151,IF,0,0.016466469305611263,0.9285714285714285,0.07142857142857151
109,AF,0,0.14455480854398095,0.9999999999999998,2.220446049250313e-16,AF,1,0.015763677842960292,0.4999999999999999,0.5000000000000001
110,AF,0,0.14301182627867437,0.9285714285714285,0.07142857142857151,AF,1,0.016446236518406692,0.4999999999999999,0.5000000000000001
111,AF,0,0.14516518224513056,0.9285714285714285,0.07142857142857151,IF,0,0.016797281713942694,0.9285714285714285,0.07142857142857151
112,AF,0,0.14386649001881377,0.9285714285714285,0.07142857142857151,IF,0,0.015890491595786926,0.9285714285714285,0.07142857142857151
113,AF,0,0.13970920816278792,0.9999999999999998,2.220446049250313e-16,AF,1,0.016459671529637523,0.42857142857142855,0.5714285714285714
114,AF,0,0.14166865145233737,0.9999999999999998,2.220446049250313e-16,IF,0,0.016633985464206753,0.9999999999999998,2.220446049250313e-16
115,AF,0,0.14380998126593264,0.9999999999999998,2.220446049250313e-16,AF,1,0.016873972289101702,0.2857142857142857,0.7142857142857143
116,AF,0,0.14172628112631522,0.9285714285714285,0.07142857142857151,IF,0,0.01633625830064083,0.9999999999999998,2.220446049250313e-16
117,AF,0,0.14547111432929416,0.9999999999999998,2.220446049250313e-16,IF,0,0.01542080096629415,0.9999999999999998,2.220446049250313e-16
118,AF,0,0.14049722400285958,0.9999999999999998,2.220446049250313e-16,AF,1,0.01641757074770029,0.4999999999999999,0.5000000000000001
119,AF,0,0.14607738331193898,0.9999999999999998,2.220446049250313e-16,IF,0,0.016315257442971933,0.5714285714285714,0.4285714285714286
120,AF,0,0.1389637943940276,0.9999999999999998,2.220446049250313e-16,IF,0,0.015836762103808796,0.9999999999999998,2.220446049250313e-16
121,AF,0,0.14487875093247554,0.9999999999999998,2.220446049250313e-16,IF,0,0.015906212686593636,0.9285714285714285,0.07142857142857151
122,AF,0,0.14215718148882772,0.9999999999999998,2.220446049250313e-16,IF,0,0.015624440983951465,0.9285714285714285,0.07142857142857151
123,AF,0,0.1432008221694414,0.9999999999999998,2.220446049250313e-16,IF,0,0.016422651793055045,0.9285714285714285,0.07142857142857151
124,AF,0,0.13970859360490478,0.9999999999999998,2.220446049250313e-16,IF,0,0.016087884420844984,0.9999999999999998,2.220446049250313e-16
125,AF,0,0.1358292774303241,0.9999999999999998,2.220446049250313e-16,IF,0,0.01635926039905005,0.9999999999999998,2.220446049250313e-16
126,AF,0,0.14873898248892714,0.9999999999999998,2.220446049250313e-16,IF,0,0.01620648273662614,0.9999999999999998,2.220446049250313e-16
127,AF,0,0.13811963099153182,0.9285714285714285,0.07142857142857151,IF,0,0.016284064529909395,0.6428571428571428,0.3571428571428572
128,AF,0,0.1374813177384488,0.9285714285714285,0.07142857142857151,IF,0,0.016219323737316906,0.9999999999999998,2.220446049250313e-16
129,AF,0,0.1391044221765681,0.9999999999999998,2.220446049250313e-16,IF,0,0.016256406895578578,0.9999999999999998,2.220446049250313e-16
130,AF,0,0.13936706491508288,0.9999999999999998,2.220446049250313e-16,IF,0,0.01577267618408258,0.9999999999999998,2.220446049250313e-16
131,AF,0,0.14225037514846953,0.9999999999999998,2.220446049250313e-16,IF,0,0.0168532145105451,0.9999999999999998,2.220446049250313e-16
132,AF,0,0.14606646430152295,0.9999999999999998,2.220446049250313e-16,AF,1,0.016425136294605677,0.2857142857142857,0.7142857142857143
133,AF,0,0.14554331013836885,0.9999999999999998,2.220446049250313e-16,AF,1,0.016403078008659495,0.2857142857142857,0.7142857142857143
134,AF,0,0.14023693680865465,0.9999999999999998,2.220446049250313e-16,IF,0,0.016039040698096804,0.9999999999999998,2.220446049250313e-16
135,AF,0,0.14202518806451364,0.9999999999999998,2.220446049250313e-16,AF,1,0.015400062953833987,0.4999999999999999,0.5000000000000001
136,AF,0,0.1468056142584859,0.9999999999999998,2.220446049250313e-16,IF,0,0.015975456246294137,0.9999999999999998,2.220446049250313e-16
137,AF,0,0.14070630537883871,0.9285714285714285,0.07142857142857151,IF,0,0.017008100935511007,0.9999999999999998,2.220446049250313e-16
138,AF,0,0.1433084531914464,0.9999999999999998,2.220446049250313e-16,IF,0,0.01604142843257857,0.9999999999999998,2.220446049250313e-16
139,AF,0,0.14530770980184093,0.9285714285714285,0.07142857142857151,AF,1,0.017106475434874032,0.4999999999999999,0.5000000000000001
140,AF,0,0.14167656669883444,0.9999999999999998,2.220446049250313e-16,IF,0,0.01622848894924552,0.9285714285714285,0.07142857142857151
141,AF,0,0.14519167263794974,0.9285714285714285,0.07142857142857151,AF,1,0.015481169037430808,0.4999999999999999,0.5000000000000001
142,AF,0,0.14313820714212427,0.9999999999999998,2.220446049250313e-16,IF,0,0.015635564554514748,0.9285714285714285,0.07142857142857151
143,AF,0,0.14169354410596569,0.9999999999999998,2.220446049250313e-16,IF,0,0.016325065667959333,0.9999999999999998,2.220446049250313e-16
144,AF,0,0.14549382316346243,0.9285714285714285,0.07142857142857151,IF,0,0.016244249739705775,0.9999999999999998,2.220446049250313e-16
145,AF,0,0.14344487826008517,0.9999999999999998,2.220446049250313e-16,IF,0,0.01637643296319402,0.9285714285714285,0.07142857142857151
146,AF,0,0.14465339466083743,0.9285714285714285,0.07142857142857151,IF,0,0.016028775242734418,0.9999999999999998,2.220446049250313e-16
147,AF,0,0.14308421071426003,0.9999999999999998,2.220446049250313e-16,IF,0,0.015786696516848612,0.9285714285714285,0.07142857142857151
148,AF,0,0.1409703034154871,0.9999999999999998,2.220446049250313e-16,IF,0,0.016269548726497364,0.9285714285714285,0.07142857142857151
149,AF,0,0.14062577610508958,0.9285714285714285,0.07142857142857151,IF,0,0.01584452433091756,0.9285714285714285,0.07142857142857151
150,AF,0,0.14748486877119277,0.9999999999999998,2.220446049250313e-16,IF,0,0.016116980536787874,0.9285714285714285,0.07142857142857151
151,AF,0,0.14526439457117826,0.9999999999999998,2.220446049250313e-16,IF,0,0.016295560833466068,0.9285714285714285,0.07142857142857151
152,AF,0,0.14305869227249196,0.9999999999999998,2.220446049250313e-16,IF,0,0.015691231457803705,0.9285714285714285,0.07142857142857151
153,AF,0,0.13737769537825062,0.9999999999999998,2.220446049250313e-16,IF,0,0.016287594531997303,0.9999999999999998,2.220446049250313e-16
154,AF,0,0.14610493910499292,0.9999999999999998,2.220446049250313e-16,IF,0,0.016383534813977575,0.9999999999999998,2.220446049250313e-16
155,AF,0,0.14422497855765332,0.9999999999999998,2.220446049250313e-16,IF,0,0.015818768691438903,0.9999999999999998,2.220446049250313e-16
156,AF,0,0.14383128755496677,0.9999999999999998,2.220446049250313e-16,IF,0,0.01683149575209702,0.9999999999999998,2.220446049250313e-16
157,AF,0,0.14086611240901084,0.9285714285714285,0.07142857142857151,IF,0,0.015691119122561298,0.9999999999999998,2.220446049250313e-16
158,AF,0,0.1370829740586726,0.9999999999999998,2.220446049250313e-16,AF,1,0.015882981470825317,0.4999999999999999,0.5000000000000001
159,AF,0,0.1454718369876303,0.9999999999999998,2.220446049250313e-16,AF,1,0.015641345660585403,0.42857142857142855,0.5714285714285714
160,AF,0,0.14094074179337787,0.9999999999999998,2.220446049250313e-16,AF,1,0.016403819988981893,0.4999999999999999,0.5000000000000001
161,AF,0,0.1436676070210529,0.9285714285714285,0.07142857142857151,IF,0,0.01641785430176934,0.9999999999999998,2.220446049250313e-16
162,AF,0,0.13959796258497414,0.9999999999999998,2.220446049250313e-16,AF,1,0.016175805510733814,0.4999999999999999,0.5000000000000001
163,AF,0,0.14007619017967501,0.9285714285714285,0.07142857142857151,AF,1,0.015960229970527273,0.4999999999999999,0.5000000000000001
164,AF,0,0.13938464013071736,0.9999999999999998,2.220446049250313e-16,AF,1,0.016337449351386285,0.4999999999999999,0.5000000000000001
165,AF,0,0.14086326156250178,0.9285714285714285,0.07142857142857151,IF,0,0.016580949316785665,0.9999999999999998,2.220446049250313e-16
166,AF,0,0.13687359255416243,0.9999999999999998,2.220446049250313e-16,IF,0,0.015419427173081493,0.9285714285714285,0.07142857142857151
167,AF,0,0.13975826146738374,0.9999999999999998,2.220446049250313e-16,IF,0,0.01600337364156478,0.9285714285714285,0.07142857142857151
168,AF,0,0.14159540766118645,0.9999999999999998,2.220446049250313e-16,IF,0,0.01644536969045406,0.9285714285714285,0.07142857142857151
169,AF,0,0.14020901951130837,0.9999999999999998,2.220446049250313e-16,AF,1,0.016331832312473527,0.4999999999999999,0.5000000000000001
170,AF,0,0.14567520457068128,0.9999999999999998,2.220446049250313e-16,IF,0,0.015860380606464934,0.9999999999999998,2.220446049250313e-16
171,AF,0,0.14481895628658137,0.9999999999999998,2.220446049250313e-16,AF,1,0.015806301134996863,0.4999999999999999,0.5000000000000001
172,AF,0,0.1427398203299186,0.9999999999999998,2.220446049250313e-16,AF,1,0.016809948946260218,0.4999999999999999,0.5000000000000001
173,AF,0,0.14427179518077907,0.9999999999999998,2.220446049250313e-16,IF,0,0.016588775481877843,0.6428571428571428,0.3571428571428572
174,AF,0,0.13754996958139687,0.9999999999999998,2.220446049250313e-16,IF,0,0.016503255404304914,0.9999999999999998,2.220446049250313e-16
175,AF,0,0.14130284676489113,0.9999999999999998,2.220446049250313e-16,IF,0,0.01640290575426983,0.9999999999999998,2.220446049250313e-16
176,AF,0,0.14511868838496578,0.9999999999999998,2.220446049250313e-16,AF,1,0.015916896998206146,0.4999999999999999,0.5000000000000001
177,AF,0,0.13834566272568766,0.9999999999999998,2.220446049250313e-16,IF,0,0.016040954190722906,0.9999999999999998,2.220446049250313e-16
178,AF,0,0.13978416785152625,0.9999999999999998,2.220446049250313e-16,IF,0,0.016079934958453123,0.9999999999999998,2.220446049250313e-16
179,AF,0,0.14632917052127506,0.9285714285714285,0.07142857142857151,IF,0,0.017032489193167574,0.9999999999999998,2.220446049250313e-16
180,AF,0,0.13921169437049058,0.9285714285714285,0.07142857142857151,IF,0,0.015746140037435494,0.9999999999999998,2.220446049250313e-16
181,AF,0,0.13792074348141145,0.9285714285714285,0.07142857142857151,AF,1,0.01568758700173068,0.42857142857142855,0.5714285714285714
182,AF,0,0.14219350989251645,0.9285714285714285,0.07142857142857151,IF,0,0.015960355107967124,0.9999999999999998,2.220446049250313e-16
183,AF,0,0.1384406478690465,0.9999999999999998,2.220446049250313e-16,AF,1,0.01662145464571045,0.4999999999999999,0.5000000000000001
184,AF,0,0.14333285190916556,0.9999999999999998,2.220446049250313e-16,AF,1,0.015786294783764608,0.4999999999999999,0.5000000000000001
185,AF,0,0.13601644997173862,0.9999999999999998,2.220446049250313e-16,IF,0,0.015859989026658472,0.9285714285714285,0.07142857142857151
186,AF,0,0.14280313260946784,0.9999999999999998,2.220446049250313e-16,IF,0,0.01622803991785808,0.6428571428571428,0.3571428571428572
187,AF,0,0.1424944649517424,0.9285714285714285,0.07142857142857151,AF,1,0.016451000646557634,0.4999999999999999,0.5000000000000001
188,AF,0,0.14842634274642008,0.9999999999999998,2.220446049250313e-16,AF,1,0.01627004650780666,0.4999999999999999,0.5000000000000001
189,AF,0,0.14214007559150166,0.9999999999999998,2.220446049250313e-16,IF,0,0.01583792141901894,0.9999999999999998,2.220446049250313e-16
190,AF,0,0.1396494362791496,0.9999999999999998,2.220446049250313e-16,AF,1,0.015687257870448695,0.4999999999999999,0.5000000000000001
191,AF,0,0.13769202885655862,0.9999999999999998,2.220446049250313e-16,AF,1,0.016904813701508457,0.42857142857142855,0.5714285714285714
192,AF,0,0.1411653705544827,0.9999999999999998,2.220446049250313e-16,IF,0,0.015520262216485283,0.9999999999999998,2.220446049250313e-16
193,AF,0,0.1388266209591868,0.9999999999999998,2.220446049250313e-16,IF,0,0.01591189338516464,0.9285714285714285,0.07142857142857151
194,AF,0,0.13963671580589845,0.9999999999999998,2.220446049250313e-16,IF,0,0.01651232387968079,0.6428571428571428,0.3571428571428572
195,AF,0,0.14381031229946895,0.9999999999999998,2.220446049250313e-16,AF,1,0.016454515604593593,0.42857142857142855,0.5714285714285714
196,AF,0,0.1449299524406487,0.9999999999999998,2.220446049250313e-16,IF,0,0.015917921592257404,0.9999999999999998,2.220446049250313e-16
197,AF,0,0.1412109809977669,0.9999999999999998,2.220446049250313e-16,IF,0,0.016440674483146508,0.9999999999999998,2.220446049250313e-16
198,AF,0,0.14492875264707156,0.9999999999999998,2.220446049250313e-16,IF,0,0.016221585935188135,0.9999999999999998,2.220446049250313e-16
199,AF,0,0.14240912589067672,0.9999999999999998,2.220446049250313e-16,IF,0,0.016187689445340145,0.9999999999999998,2.220446049250313e-16
200,AF,0,0.13512740472998463,0.9999999999999998,2.220446049250313e-16,AF,1,0.016341837109754172,0.42857142857142855,0.5714285714285714
201,AF,0,0.1445642215303618,0.9999999999999998,2.220446049250313e-16,AF,1,0.015886021507937602,0.4999999999999999,0.5000000000000001
202,AF,0,0.1422000713062943,0.9285714285714285,0.07142857142857151,IF,0,0.016236283723288395,0.9285714285714285,0.07142857142857151
203,AF,0,0.1469225828371561,0.9285714285714285,0.07142857142857151,AF,1,0.0161599789620946,0.42857142857142855,0.5714285714285714
204,AF,0,0.14416726897732485,0.9999999999999998,2.220446049250313e-16,IF,0,0.016488397372242263,0.9999999999999998,2.220446049250313e-16
205,AF,0,0.14103078948820788,0.9999999999999998,2.220446049250313e-16,IF,0,0.0163089290938274,0.9999999999999998,2.220446049250313e-16
206,AF,0,0.13964164686082117,0.9285714285714285,0.07142857142857151,IF,0,0.016299877259932323,0.9999999999999998,2.220446049250313e-16
207,AF,0,0.13893720113767422,0.9999999999999998,2.220446049250313e-16,AF,1,0.01562448999170038,0.4999999999999999,0.5000000000000001
208,AF,0,0.14181230359802094,0.9999999999999998,2.220446049250313e-16,IF,0,0.015694790974554677,0.9999999999999998,2.220446049250313e-16
209,AF,0,0.14217187655559377,0.9999999999999998,2.220446049250313e-16,IF,0,0.016451603219221986,0.9285714285714285,0.07142857142857151
210,AF,0,0.14265714120471168,0.9285714285714285,0.07142857142857151,IF,0,0.015782900153385036,0.9999999999999998,2.220446049250313e-16
211,AF,0,0.14801633268273545,0.9999999999999998,2.220446049250313e-16,IF,0,0.016119506668799213,0.9999999999999998,2.220446049250313e-16
212,AF,0,0.14364817900917132,0.9999999999999998,2.220446049250313e-16,AF,1,0.01607852738321222,0.42857142857142855,0.5714285714285714
213,AF,0,0.1406178584579682,0.9999999999999998,2.220446049250313e-16,AF,1,0.016179991207936686,0.4999999999999999,0.5000000000000001
214,AF,0,0.14975135825629832,0.9999999999999998,2.220446049250313e-16,IF,0,0.015673750080398948,0.9285714285714285,0.07142857142857151
215,AF,0,0.1427979920235552,0.9999999999999998,2.220446049250313e-16,IF,0,0.01561887287660678,0.9999999999999998,2.220446049250313e-16
216,AF,0,0.14260970946829996,0.9999999999999998,2.220446049250313e-16,IF,0,0.015607128769084499,0.9285714285714285,0.07142857142857151
217,AF,0,0.14640243659778246,0.9999999999999998,2.220446049250313e-16,AF,1,0.01607295703804718,0.4999999999999999,0.5000000000000001
218,AF,0,0.1360871717407241,0.9999999999999998,2.220446049250313e-16,IF,0,0.01614161161929395,0.9999999999999998,2.220446049250313e-16
219,AF,0,0.1406648264729716,0.9999999999999998,2.220446049250313e-16,IF,0,0.016726255522419832,0.9999999999999998,2.220446049250313e-16
220,AF,0,0.1393959961893843,0.9999999999999998,2.220446049250313e-16,AF,1,0.015163974520359523,0.2857142857142857,0.7142857142857143
221,AF,0,0.1480468750540614,0.9999999999999998,2.220446049250313e-16,IF,0,0.01663939627735664,0.9285714285714285,0.07142857142857151
222,AF,0,0.1459260597731136,0.9285714285714285,0.07142857142857151,AF,1,0.016011242436448105,0.42857142857142855,0.5714285714285714
223,AF,0,0.1425843657616589,0.9999999999999998,2.220446049250313e-16,IF,0,0.01531222296182166,0.9999999999999998,2.220446049250313e-16
224,AF,0,0.14042563242199554,0.9285714285714285,0.07142857142857151,IF,0,0.016460967983331708,0.9999999999999998,2.220446049250313e-16
225,AF,0,0.13890383377728893,0.9999999999999998,2.220446049250313e-16,IF,0,0.016014470653054814,0.9999999999999998,2.220446049250313e-16
226,AF,0,0.14442916928650718,0.9999999999999998,2.220446049250313e-16,IF,0,0.01667097457694071,0.9999999999999998,2.220446049250313e-16
227,AF,0,0.14556940482688874,0.9999999999999998,2.220446049250313e-16,AF,1,0.016402072704499355,0.4999999999999999,0.5000000000000001
228,AF,0,0.1417965807657341,0.9999999999999998,2.220446049250313e-16,IF,0,0.0165351899846608,0.9999999999999998,2.220446049250313e-16
229,AF,0,0.14146206716726478,0.9999999999999998,2.220446049250313e-16,IF,0,0.015683316983714977,0.9285714285714285,0.07142857142857151
230,AF,0,0.1403270280605391,0.9999999999999998,2.220446049250313e-16,IF,0,0.015876497539610544,0.9285714285714285,0.07142857142857151
231,AF,0,0.14122052060893114,0.9285714285714285,0.07142857142857151,IF,0,0.015688122404197504,0.9999999999999998,2.220446049250313e-16
232,AF,0,0.14032636399193296,0.9999999999999998,2.220446049250313e-16,IF,0,0.01597610444019987,0.9999999999999998,2.220446049250313e-16
233,AF,0,0.14354659559712563,0.9285714285714285,0.07142857142857151,IF,0,0.0156734116609041,0.9999999999999998,2.220446049250313e-16
234,AF,0,0.1390051924292504,0.9285714285714285,0.07142857142857151,IF,0,0.01639595493573901,0.9285714285714285,0.07142857142857151
235,AF,0,0.1379352973455401,0.9999999999999998,2.220446049250313e-16,IF,0,0.016145403832913244,0.9285714285714285,0.07142857142857151
236,AF,0,0.14137202293894036,0.9999999999999998,2.220446049250313e-16,AF,1,0.01641642956262237,0.42857142857142855,0.5714285714285714
237,AF,0,0.14875199814708387,0.9999999999999998,2.220446049250313e-16,IF,0,0.016458845677242342,0.9999999999999998,2.220446049250313e-16
238,AF,0,0.13719459879090384,0.9999999999999998,2.220446049250313e-16,IF,0,0.016084070101166668,0.9999999999999998,2.220446049250313e-16
239,AF,0,0.1398778920050136,0.9999999999999998,2.220446049250313e-16,AF,1,0.016506175174619213,0.4999999999999999,0.5000000000000001
240,AF,0,0.14747040415368562,0.9999999999999998,2.220446049250313e-16,IF,0,0.016724353210100722,0.9999999999999998,2.220446049250313e-16
241,AF,0,0.14537999321384423,0.9999999999999998,2.220446049250313e-16,AF,1,0.016262139945106266,0.42857142857142855,0.5714285714285714
242,AF,0,0.13932412197267202,0.9999999999999998,2.220446049250313e-16,IF,0,0.016451992192988957,0.9999999999999998,2.220446049250313e-16
243,AF,0,0.14680381355727426,0.9999999999999998,2.220446049250313e-16,IF,0,0.0157699615538205,0.9999999999999998,2.220446049250313e-16
244,AF,0,0.13854213422842188,0.9285714285714285,0.07142857142857151,AF,1,0.017084932426576015,0.4999999999999999,0.5000000000000001
245,AF,0,0.13812601455904175,0.9285714285714285,0.07142857142857151,AF,1,0.016538072928122913,0.4999999999999999,0.5000000000000001
246,AF,0,0.1480500395688908,0.9999999999999998,2.220446049250313e-16,IF,0,0.01601073677711878,0.9999999999999998,2.220446049250313e-16
247,AF,0,0.14304692423071902,0.9999999999999998,2.220446049250313e-16,IF,0,0.015256102602215488,0.9285714285714285,0.07142857142857151
248,AF,0,0.14145568979823123,0.9999999999999998,2.220446049250313e-16,IF,0,0.016280073968031362,0.9285714285714285,0.07142857142857151
249,AF,0,0.13810851360189577,0.9999999999999998,2.220446049250313e-16,IF,0,0.01644780670731414,0.9999999999999998,2.220446049250313e-16
250,AF,0,0.1419015337701422,0.9999999999999998,2.220446049250313e-16,IF,0,0.016214457541732955,0.9999999999999998,2.220446049250313e-16
251,AF,0,0.14701645280345682,0.9999999999999998,2.220446049250313e-16,AF,1,0.016594103652049046,0.4999999999999999,0.5000000000000001
252,AF,0,0.13840891627539056,0.9999999999999998,2.220446049250313e-16,IF,0,0.016926744349825894,0.9999999999999998,2.220446049250313e-16
253,AF,0,0.14107882936126626,0.9999999999999998,2.220446049250313e-16,IF,0,0.01632483825819906,0.9999999999999998,2.220446049250313e-16
254,AF,0,0.14045811405915082,0.9999999999999998,2.220446049250313e-16,IF,0,0.01639839362859635,0.9999999999999998,2.220446049250313e-16
255,AF,0,0.14510016288644678,0.9999999999999998,2.220446049250313e-16,AF,1,0.015750250610737957,0.4999999999999999,0.5000000000000001
256,AF,0,0.14809084725684324,0.9285714285714285,0.07142857142857151,IF,0,0.016673003630124538,0.9999999999999998,2.220446049250313e-16
257,AF,0,0.13990290484890605,0.9999999999999998,2.220446049250313e-16,AF,1,0.01592845907978165,0.21428571428571427,0.7857142857142857
258,AF,0,0.13934882555757466,0.9999999999999998,2.220446049250313e-16,AF,1,0.016267023634997227,0.42857142857142855,0.5714285714285714
259,AF,0,0.1446920868871326,0.9999999999999998,2.220446049250313e-16,IF,0,0.0161009719014518,0.9999999999999998,2.220446049250313e-16
260,AF,0,0.14751333643421832,0.9999999999999998,2.220446049250313e-16,IF,0,0.015339728924900592,0.9285714285714285,0.07142857142857151
261,AF,0,0.14014416809124391,0.9999999999999998,2.220446049250313e-16,AF,1,0.01631722758308249,0.42857142857142855,0.5714285714285714
262,AF,0,0.14191266142638337,0.9999999999999998,2.220446049250313e-16,IF,0,0.01577731111830421,0.9999999999999998,2.220446049250313e-16
263,AF,0,0.14392721934300318,0.9999999999999998,2.220446049250313e-16,IF,0,0.01640410433577177,0.9999999999999998,2.220446049250313e-16
264,AF,0,0.13892125740184558,0.9999999999999998,2.220446049250313e-16,AF,1,0.016336380837116193,0.4999999999999999,0.5000000000000001
265,AF,0,0.14470471154758013,0.9285714285714285,0.07142857142857151,AF,1,0.01658817455987886,0.4999999999999999,0.5000000000000001
266,AF,0,0.14118179515907164,0.9999999999999998,2.220446049250313e-16,IF,0,0.016246131782872857,0.9999999999999998,2.220446049250313e-16
267,AF,0,0.13806646417267898,0.9999999999999998,2.220446049250313e-16,IF,0,0.016274587360333208,0.9999999999999998,2.220446049250313e-16
268,AF,0,0.14338887570722966,0.9999999999999998,2.220446049250313e-16,IF,0,0.016304515607597464,0.9285714285714285,0.07142857142857151
269,AF,0,0.13668203072215462,0.9999999999999998,2.220446049250313e-16,IF,0,0.015525397373139793,0.9285714285714285,0.07142857142857151
270,AF,0,0.13851680936805974,0.9999999999999998,2.220446049250313e-16,IF,0,0.015522064060487197,0.9999999999999998,2.220446049250313e-16
271,AF,0,0.14415932447190477,0.9999999999999998,2.220446049250313e-16,IF,0,0.016608717768240112,0.9999999999999998,2.220446049250313e-16
272,AF,0,0.14603956894479272,0.9999999999999998,2.220446049250313e-16,AF,1,0.01554942964741184,0.4999999999999999,0.5000000000000001
273,AF,0,0.13936163084339792,0.9999999999999998,2.220446049250313e-16,AF,1,0.016383150571593518,0.4999999999999999,0.5000000000000001
274,AF,0,0.1423250317629588,0.9999999999999998,2.220446049250313e-16,IF,0,0.016352461525301155,0.9285714285714285,0.07142857142857151
275,AF,0,0.13606852171137024,0.9999999999999998,2.220446049250313e-16,IF,0,0.016482689395817735,0.9285714285714285,0.07142857142857151
276,AF,0,0.13639099043392777,0.9999999999999998,2.220446049250313e-16,IF,0,0.015717850370548042,0.9999999999999998,2.220446049250313e-16
277,AF,0,0.13957225567444917,0.9999999999999998,2.220446049250313e-16,IF,0,0.01571113260656749,0.9999999999999998,2.220446049250313e-16
278,AF,0,0.14260662345912412,0.9999999999999998,2.220446049250313e-16,IF,0,0.01693815940622287,0.9999999999999998,2.220446049250313e-16
279,AF,0,0.1368386406567161,0.9285714285714285,0.07142857142857151,IF,0,0.01615785052101576,0.9999999999999998,2.220446049250313e-16
280,AF,0,0.13794686489708138,0.9999999999999998,2.220446049250313e-16,IF,0,0.016473201912463615,0.9285714285714285,0.07142857142857151
281,AF,0,0.13948134045129068,0.9285714285714285,0.07142857142857151,IF,0,0.01592957727467082,0.9999999999999998,2.220446049250313e-16
282,AF,0,0.14236340502453193,0.9999999999999998,2.220446049250313e-16,AF,1,0.016167641183668584,0.42857142857142855,0.5714285714285714
283,AF,0,0.13546996629168165,0.9999999999999998,2.220446049250313e-16,AF,1,0.01568642105403794,0.4999999999999999,0.5000000000000001
284,AF,0,0.13687550132226722,0.9999999999999998,2.220446049250313e-16,IF,0,0.015118927317357285,0.9999999999999998,2.220446049250313e-16
285,AF,0,0.13075767010962658,0.9285714285714285,0.07142857142857151,IF,0,0.01626339483484504,0.9999999999999998,2.220446049250313e-16
286,AF,0,0.14194352065257843,0.9999999999999998,2.220446049250313e-16,IF,0,0.016676473732546427,0.9999999999999998,2.220446049250313e-16
287,AF,0,0.1419506972720255,0.9999999999999998,2.220446049250313e-16,IF,0,0.016205899679545405,0.9999999999999998,2.220446049250313e-16
288,AF,0,0.1421528956260424,0.9999999999999998,2.220446049250313e-16,IF,0,0.01594950170099415,0.9999999999999998,2.220446049250313e-16
289,AF,0,0.14087023017933648,0.9999999999999998,2.220446049250313e-16,AF,1,0.016315528800226357,0.4999999999999999,0.5000000000000001
290,AF,0,0.1397485284392283,0.9999999999999998,2.220446049250313e-16,IF,0,0.016848880996147432,0.9285714285714285,0.07142857142857151
291,AF,0,0.14044672444073353,0.9999999999999998,2.220446049250313e-16,AF,1,0.016252363292592945,0.4999999999999999,0.5000000000000001
292,AF,0,0.1394193795372478,0.9999999999999998,2.220446049250313e-16,AF,1,0.01566069473841624,0.4999999999999999,0.5000000000000001
293,AF,0,0.1426808912137864,0.9999999999999998,2.220446049250313e-16,IF,0,0.01665142214600931,0.9999999999999998,2.220446049250313e-16
294,AF,0,0.14368897965529182,0.9999999999999998,2.220446049250313e-16,IF,0,0.01609245710939593,0.9999999999999998,2.220446049250313e-16
295,AF,0,0.14077709950468842,0.9999999999999998,2.220446049250313e-16,AF,1,0.015880924231766545,0.4999999999999999,0.5000000000000001
296,AF,0,0.14204199349338442,0.9999999999999998,2.220446049250313e-16,IF,0,0.016373180241225894,0.9999999999999998,2.220446049250313e-16
297,AF,0,0.1407825982212885,0.9999999999999998,2.220446049250313e-16,AF,1,0.015935835562952014,0.42857142857142855,0.5714285714285714
298,AF,0,0.147056319133398,0.9999999999999998,2.220446049250313e-16,AF,1,0.015249376422008215,0.42857142857142855,0.5714285714285714
299,AF,0,0.13901615814453516,0.9999999999999998,2.220446049250313e-16,IF,0,0.015786109206689714,0.9999999999999998,2.220446049250313e-16
300,AF,0,0.14129477823549674,0.9999999999999998,2.220446049250313e-16,IF,0,0.016783819641996496,0.9999999999999998,2.220446049250313e-16
301,AF,0,0.1409316117339555,0.9999999999999998,2.220446049250313e-16,IF,0,0.0159249124116612,0.9999999999999998,2.220446049250313e-16
302,AF,0,0.13965560684753892,0.9999999999999998,2.220446049250313e-16,AF,1,0.016173136617380464,0.4999999999999999,0.5000000000000001
303,AF,0,0.1420872702706496,0.9999999999999998,2.220446049250313e-16,AF,1,0.016200242082245415,0.4999999999999999,0.5000000000000001
304,AF,0,0.14701824011030634,0.9285714285714285,0.07142857142857151,IF,0,0.015634810043784097,0.9999999999999998,2.220446049250313e-16
305,AF,0,0.13790727420483714,0.9999999999999998,2.220446049250313e-16,IF,0,0.016481711460310265,0.9285714285714285,0.07142857142857151
306,AF,0,0.1407125950595141,0.9999999999999998,2.220446049250313e-16,IF,0,0.016098734266234763,0.9999999999999998,2.220446049250313e-16
307,AF,0,0.1415955923867812,0.9999999999999998,2.220446049250313e-16,IF,0,0.01574264773250433,0.9999999999999998,2.220446049250313e-16
308,AF,0,0.14119123771124195,0.9999999999999998,2.220446049250313e-16,IF,0,0.015743382428897997,0.9999999999999998,2.220446049250313e-16
309,AF,0,0.13797399361773355,0.9999999999999998,2.220446049250313e-16,AF,1,0.01619968501337433,0.21428571428571427,0.7857142857142857
310,AF,0,0.14008770727616904,0.9999999999999998,2.220446049250313e-16,AF,1,0.015182257928164614,0.42857142857142855,0.5714285714285714
311,AF,0,0.14265322944131764,0.9999999999999998,2.220446049250313e-16,IF,0,0.016395986265568024,0.9999999999999998,2.220446049250313e-16
312,AF,0,0.14276284616968055,0.9999999999999998,2.220446049250313e-16,IF,0,0.016433381345542026,0.9999999999999998,2.220446049250313e-16
313,AF,0,0.1408219894642312,0.9999999999999998,2.220446049250313e-16,AF,1,0.016052309452366926,0.42857142857142855,0.5714285714285714
314,AF,0,0.14482566424950472,0.9285714285714285,0.07142857142857151,AF,1,0.01567536070369104,0.4999999999999999,0.5000000000000001
315,AF,0,0.14329303398816826,0.9999999999999998,2.220446049250313e-16,IF,0,0.016507345599829065,0.9285714285714285,0.07142857142857151
316,AF,0,0.14454816407167553,0.9999999999999998,2.220446049250313e-16,IF,0,0.015639946677590135,0.9999999999999998,2.220446049250313e-16
317,AF,0,0.138568269815124,0.9999999999999998,2.220446049250313e-16,IF,0,0.0162449222007269,0.9285714285714285,0.07142857142857151
318,AF,0,0.14448548836262481,0.9999999999999998,2.220446049250313e-16,IF,0,0.016653107656968213,0.9999999999999998,2.220446049250313e-16
319,AF,0,0.14150611429850612,0.9999999999999998,2.220446049250313e-16,IF,0,0.01636621820957339,0.9999999999999998,2.220446049250313e-16
320,AF,0,0.14164224574494244,0.9999999999999998,2.220446049250313e-16,IF,0,0.015790023966599256,0.9999999999999998,2.220446049250313e-16
321,AF,0,0.1431793816187769,0.9999999999999998,2.220446049250313e-16,IF,0,0.015852609643727616,0.9999999999999998,2.220446049250313e-16
322,AF,0,0.1414400871151481,0.9999999999999998,2.220446049250313e-16,IF,0,0.015816110104862988,0.9999999999999998,2.220446049250313e-16
323,AF,0,0.13862675543857567,0.9999999999999998,2.220446049250313e-16,IF,0,0.01676641484364791,0.9999999999999998,2.220446049250313e-16
324,AF,0,0.1448929088273016,0.9999999999999998,2.220446049250313e-16,AF,1,0.01577062996972627,0.21428571428571427,0.7857142857142857
325,AF,0,0.14103498780054993,0.9999999999999998,2.220446049250313e-16,IF,0,0.016220983997286914,0.9999999999999998,2.220446049250313e-16
326,AF,0,0.14417038066969443,0.9999999999999998,2.220446049250313e-16,IF,0,0.016265776485519818,0.9999999999999998,2.220446049250313e-16
327,AF,0,0.13698844871492577,0.9285714285714285,0.07142857142857151,IF,0,0.01614767811185327,0.9999999999999998,2.220446049250313e-16
328,AF,0,0.14299971791601257,0.9999999999999998,2.220446049250313e-16,IF,0,0.015625439109364102,0.9285714285714285,0.07142857142857151
329,AF,0,0.14662688955121145,0.9999999999999998,2.220446049250313e-16,IF,0,0.015480773911020068,0.9999999999999998,2.220446049250313e-16
330,AF,0,0.1405945400661347,0.9999999999999998,2.220446049250313e-16,AF,1,0.016401216546611183,0.4999999999999999,0.5000000000000001
331,AF,0,0.1404788740494764,0.9999999999999998,2.220446049250313e-16,AF,1,0.016904998488816752,0.2857142857142857,0.7142857142857143
332,AF,0,0.1488149416080505,0.9999999999999998,2.220446049250313e-16,IF,0,0.017041082640769475,0.9999999999999998,2.220446049250313e-16
333,AF,0,0.13804893446627753,0.9285714285714285,0.07142857142857151,AF,1,0.015793816026298917,0.4999999999999999,0.5000000000000001
334,AF,0,0.1482122604614007,0.9999999999999998,2.220446049250313e-16,IF,0,0.016375159594783792,0.5714285714285714,0.4285714285714286
335,AF,0,0.1353046382624489,0.9999999999999998,2.220446049250313e-16,IF,0,0.016377788917396222,0.9999999999999998,2.220446049250313e-16
336,AF,0,0.14044031223011927,0.9999999999999998,2.220446049250313e-16,IF,0,0.01646068709437962,0.9999999999999998,2.220446049250313e-16
337,AF,0,0.14386540085708263,0.9999999999999998,2.220446049250313e-16,IF,0,0.0162522547072294,0.9999999999999998,2.220446049250313e-16
338,AF,0,0.1431189602297927,0.9999999999999998,2.220446049250313e-16,IF,0,0.01675583063516717,0.9999999999999998,2.220446049250313e-16
339,AF,0,0.14147007964028405,0.9285714285714285,0.07142857142857151,IF,0,0.01638363835317861,0.9999999999999998,2.220446049250313e-16
340,AF,0,0.14577515528734508,0.9999999999999998,2.220446049250313e-16,IF,0,0.016529890436619524,0.6428571428571428,0.3571428571428572
341,AF,0,0.14009952642185908,0.9999999999999998,2.220446049250313e-16,AF,1,0.01663429185828711,0.4999999999999999,0.5000000000000001
342,AF,0,0.14416247408870858,0.9999999999999998,2.220446049250313e-16,IF,0,0.016101672722376368,0.9999999999999998,2.220446049250313e-16
343,AF,0,0.13753635456752972,0.9999999999999998,2.220446049250313e-16,IF,0,0.015946470185529284,0.9999999999999998,2.220446049250313e-16
344,AF,0,0.14628980543375186,0.9999999999999998,2.220446049250313e-16,IF,0,0.016561074308115015,0.9999999999999998,2.220446049250313e-16
345,AF,0,0.14666149411507315,0.9999999999999998,2.220446049250313e-16,IF,0,0.01636548685595145,0.9999999999999998,2.220446049250313e-16
346,AF,0,0.14129007578549385,0.9285714285714285,0.07142857142857151,IF,0,0.01646880407124441,0.9285714285714285,0.07142857142857151
347,AF,0,0.1413927419775828,0.9999999999999998,2.220446049250313e-16,IF,0,0.01638592134748549,0.9999999999999998,2.220446049250313e-16
348,AF,0,0.14755389610656905,0.9285714285714285,0.07142857142857151,IF,0,0.016403752276015957,0.9999999999999998,2.220446049250313e-16
349,AF,0,0.1425324214018588,0.9999999999999998,2.220446049250313e-16,IF,0,0.01610275864711168,0.9999999999999998,2.220446049250313e-16
350,AF,0,0.14251964930252942,0.9999999999999998,2.220446049250313e-16,IF,0,0.016325264272855702,0.9999999999999998,2.220446049250313e-16
351,AF,0,0.14121393978633467,0.9285714285714285,0.07142857142857151,IF,0,0.01628298864187597,0.9999999999999998,2.220446049250313e-16
352,AF,0,0.14181368987781973,0.9285714285714285,0.07142857142857151,AF,1,0.016110896031084124,0.4999999999999999,0.5000000000000001
353,AF,0,0.14517998685177086,0.9999999999999998,2.220446049250313e-16,AF,1,0.01582695432467677,0.42857142857142855,0.5714285714285714
354,AF,0,0.139209849449142,0.9999999999999998,2.220446049250313e-16,IF,0,0.015931848136744222,0.9285714285714285,0.07142857142857151
355,AF,0,0.14235709700729662,0.9999999999999998,2.220446049250313e-16,AF,1,0.015742711244474416,0.4999999999999999,0.5000000000000001
356,AF,0,0.1420961362542167,0.9999999999999998,2.220446049250313e-16,AF,1,0.01639433554260929,0.4999999999999999,0.5000000000000001
357,AF,0,0.14689998173732705,0.9999999999999998,2.220446049250313e-16,IF,0,0.015688642374983193,0.9999999999999998,2.220446049250313e-16
358,AF,0,0.13959236417606916,0.9999999999999998,2.220446049250313e-16,IF,0,0.01595236836873164,0.9999999999999998,2.220446049250313e-16
359,AF,0,0.14261710894135682,0.9285714285714285,0.07142857142857151,IF,0,0.01601919242978785,0.9999999999999998,2.220446049250313e-16
360,AF,0,0.13211742086008654,0.9285714285714285,0.07142857142857151,IF,0,0.01617628919632912,0.9999999999999998,2.220446049250313e-16
361,AF,0,0.1384416774349639,0.9999999999999998,2.220446049250313e-16,IF,0,0.016175682147770574,0.9285714285714285,0.07142857142857151
362,AF,0,0.1432003663903067,0.9999999999999998,2.220446049250313e-16,AF,1,0.015976962655298497,0.4999999999999999,0.5000000000000001
363,AF,0,0.14778373900872388,0.9285714285714285,0.07142857142857151,IF,0,0.01598029762786761,0.9285714285714285,0.07142857142857151
364,AF,0,0.14124448203064727,0.9999999999999998,2.220446049250313e-16,IF,0,0.016709218506342667,0.9285714285714285,0.07142857142857151
365,AF,0,0.14242826476789427,0.9999999999999998,2.220446049250313e-16,AF,1,0.01631790651633468,0.2857142857142857,0.7142857142857143
366,AF,0,0.14131503011618654,0.9999999999999998,2.220446049250313e-16,AF,1,0.01585250069417281,0.42857142857142855,0.5714285714285714
367,AF,0,0.1414823987495207,0.9999999999999998,2.220446049250313e-16,AF,1,0.0162883162929278,0.4999999999999999,0.5000000000000001
368,AF,0,0.13988263461198913,0.9999999999999998,2.220446049250313e-16,AF,1,0.016211833390146365,0.42857142857142855,0.5714285714285714
369,AF,0,0.14095755088986633,0.9999999999999998,2.220446049250313e-16,IF,0,0.016748284886526323,0.9999999999999998,2.220446049250313e-16
370,AF,0,0.14236396041808158,0.9999999999999998,2.220446049250313e-16,IF,0,0.015727376262993673,0.9999999999999998,2.220446049250313e-16
371,AF,0,0.13987207190583384,0.9999999999999998,2.220446049250313e-16,IF,0,0.016473415270483474,0.9999999999999998,2.220446049250313e-16
372,AF,0,0.13993370474283456,0.9999999999999998,2.220446049250313e-16,AF,1,0.01632934180888745,0.4999999999999999,0.5000000000000001
373,AF,0,0.14420365995194623,0.9999999999999998,2.220446049250313e-16,IF,0,0.016289112383600722,0.9285714285714285,0.07142857142857151
374,AF,0,0.14270015855974233,0.9999999999999998,2.220446049250313e-16,AF,1,0.016179262043463722,0.42857142857142855,0.5714285714285714
375,AF,0,0.1436204916077194,0.9285714285714285,0.07142857142857151,IF,0,0.015903088379119888,0.9999999999999998,2.220446049250313e-16
376,AF,0,0.146202684491488,0.9999999999999998,2.220446049250313e-16,IF,0,0.015835894602540212,0.9999999999999998,2.220446049250313e-16
377,AF,0,0.13953448363308107,0.9999999999999998,2.220446049250313e-16,IF,0,0.016320690062954866,0.9999999999999998,2.220446049250313e-16
378,AF,0,0.14420145201164902,0.9999999999999998,2.220446049250313e-16,IF,0,0.0157792567240323,0.9999999999999998,2.220446049250313e-16
379,AF,0,0.145565619993054,0.9999999999999998,2.220446049250313e-16,IF,0,0.016518169657368176,0.9285714285714285,0.07142857142857151
380,AF,0,0.14099065083837792,0.9999999999999998,2.220446049250313e-16,IF,0,0.016627083664988718,0.9999999999999998,2.220446049250313e-16
381,AF,0,0.14242972155480754,0.9285714285714285,0.07142857142857151,IF,0,0.016776866754865328,0.9999999999999998,2.220446049250313e-16
382,AF,0,0.14437416850579782,0.9999999999999998,2.220446049250313e-16,IF,0,0.01644530453065258,0.9999999999999998,2.220446049250313e-16
383,AF,0,0.14320957667092665,0.9999999999999998,2.220446049250313e-16,IF,0,0.01641901263705896,0.9999999999999998,2.220446049250313e-16
384,AF,0,0.13941473168658253,0.9285714285714285,0.07142857142857151,IF,0,0.01629845937889556,0.9285714285714285,0.07142857142857151
385,AF,0,0.141800502619984,0.9999999999999998,2.220446049250313e-16,IF,0,0.016187271789368376,0.9285714285714285,0.07142857142857151
386,AF,0,0.14583981809686714,0.9999999999999998,2.220446049250313e-16,IF,0,0.016621300346891826,0.9999999999999998,2.220446049250313e-16
387,AF,0,0.14145727262648689,0.9999999999999998,2.220446049250313e-16,AF,1,0.015776808631052575,0.42857142857142855,0.5714285714285714
388,AF,0,0.1444143924860669,0.9999999999999998,2.220446049250313e-16,IF,0,0.016196617040607323,0.9999999999999998,2.220446049250313e-16
389,AF,0,0.13907360698925703,0.9999999999999998,2.220446049250313e-16,IF,0,0.01593470593256666,0.9999999999999998,2.220446049250313e-16
390,AF,0,0.1386873275076473,0.9999999999999998,2.220446049250313e-16,AF,1,0.01644056444886109,0.4999999999999999,0.5000000000000001
391,AF,0,0.1394310370007637,0.9285714285714285,0.07142857142857151,AF,1,0.01647351891457086,0.42857142857142855,0.5714285714285714
392,AF,0,0.14073035019227423,0.9285714285714285,0.07142857142857151,IF,0,0.016334533192075805,0.9999999999999998,2.220446049250313e-16
393,AF,0,0.1433224824754153,0.9999999999999998,2.220446049250313e-16,AF,1,0.016175274743357098,0.42857142857142855,0.5714285714285714
394,AF,0,0.14047065370970996,0.9285714285714285,0.07142857142857151,IF,0,0.0162217612664324,0.9999999999999998,2.220446049250313e-16
395,AF,0,0.14538311770561038,0.9285714285714285,0.07142857142857151,IF,0,0.016170733846315642,0.9999999999999998,2.220446049250313e-16
396,AF,0,0.13772231612171182,0.9999999999999998,2.220446049250313e-16,IF,0,0.016477711194034593,0.9999999999999998,2.220446049250313e-16
397,AF,0,0.14614463319188598,0.9999999999999998,2.220446049250313e-16,AF,1,0.01629880712176593,0.42857142857142855,0.5714285714285714
398,AF,0,0.14648214382000835,0.9999999999999998,2.220446049250313e-16,AF,1,0.016438729925725558,0.2857142857142857,0.7142857142857143
399,AF,0,0.13922330697087837,0.9999999999999998,2.220446049250313e-16,AF,1,0.015993596158959473,0.4999999999999999,0.5000000000000001
400,AF,0,0.1413396535345913,0.9999999999999998,2.220446049250313e-16,IF,0,0.015735447812944996,0.9999999999999998,2.220446049250313e-16
401,AF,0,0.1411709705274003,0.9999999999999998,2.220446049250313e-16,AF,1,0.016230994265022,0.42857142857142855,0.5714285714285714
402,AF,0,0.14631131537780023,0.9999999999999998,2.220446049250313e-16,AF,1,0.016531614890406537,0.42857142857142855,0.5714285714285714
403,AF,0,0.14732522170004247,0.9999999999999998,2.220446049250313e-16,IF,0,0.01633093148171222,0.9999999999999998,2.220446049250313e-16
404,AF,0,0.1446546626418848,0.9999999999999998,2.220446049250313e-16,IF,0,0.015510970460215373,0.9999999999999998,2.220446049250313e-16
405,AF,0,0.14388845259282435,0.9285714285714285,0.07142857142857151,AF,1,0.015700621335751567,0.4999999999999999,0.5000000000000001
406,AF,0,0.14010948311667437,0.9999999999999998,2.220446049250313e-16,AF,1,0.016177693384736392,0.42857142857142855,0.5714285714285714
407,AF,0,0.13943822377877363,0.9999999999999998,2.220446049250313e-16,AF,1,0.015479120496999682,0.4999999999999999,0.5000000000000001
408,AF,0,0.1419289335345918,0.9999999999999998,2.220446049250313e-16,IF,0,0.01572079865061787,0.9999999999999998,2.220446049250313e-16
409,AF,0,0.14288919897051738,0.9285714285714285,0.07142857142857151,IF,0,0.015869299673514217,0.9285714285714285,0.07142857142857151
410,AF,0,0.1411354248580446,0.9999999999999998,2.220446049250313e-16,IF,0,0.015854850439324455,0.9999999999999998,2.220446049250313e-16
411,AF,0,0.13824528861886343,0.9999999999999998,2.220446049250313e-16,IF,0,0.01683132447454692,0.9285714285714285,0.07142857142857151
412,AF,0,0.1379752007098605,0.9999999999999998,2.220446049250313e-16,IF,0,0.017040835496787074,0.9999999999999998,2.220446049250313e-16
413,AF,0,0.1416863760408527,0.9999999999999998,2.220446049250313e-16,IF,0,0.016515860230387914,0.9999999999999998,2.220446049250313e-16
414,AF,0,0.14131538318666284,0.9999999999999998,2.220446049250313e-16,IF,0,0.0166046683853766,0.9999999999999998,2.220446049250313e-16
415,AF,0,0.14509478911920048,0.9999999999999998,2.220446049250313e-16,AF,1,0.01622765489144701,0.2857142857142857,0.7142857142857143
416,AF,0,0.14584682351637276,0.9999999999999998,2.220446049250313e-16,IF,0,0.016106492240686873,0.9999999999999998,2.220446049250313e-16
417,AF,0,0.1375653793156848,0.9285714285714285,0.07142857142857151,IF,0,0.016262114442020914,0.9999999999999998,2.220446049250313e-16
418,AF,0,0.14002348262381387,0.9999999999999998,2.220446049250313e-16,IF,0,0.01620057262941996,0.9999999999999998,2.220446049250313e-16
419,AF,0,0.14132908822455037,0.9999999999999998,2.220446049250313e-16,AF,1,0.01623652916787233,0.4999999999999999,0.5000000000000001
420,AF,0,0.14314852407845327,0.9999999999999998,2.220446049250313e-16,IF,0,0.016107748103603263,0.9285714285714285,0.07142857142857151
421,AF,0,0.14132286155137658,0.9999999999999998,2.220446049250313e-16,AF,1,0.0161810868216234,0.42857142857142855,0.5714285714285714
422,AF,0,0.13940341897558922,0.9999999999999998,2.220446049250313e-16,IF,0,0.015939217558664787,0.9285714285714285,0.07142857142857151
423,AF,0,0.13713357010458538,0.9285714285714285,0.07142857142857151,IF,0,0.016050544835924548,0.9999999999999998,2.220446049250313e-16
424,AF,0,0.14392847272374296,0.9999999999999998,2.220446049250313e-16,IF,0,0.01667169460692408,0.9285714285714285,0.07142857142857151
425,AF,0,0.14165381572832558,0.9999999999999998,2.220446049250313e-16,IF,0,0.016766102425149077,0.9999999999999998,2.220446049250313e-16
426,AF,0,0.14128125877823106,0.9999999999999998,2.220446049250313e-16,AF,1,0.01677620063810968,0.4999999999999999,0.5000000000000001
427,AF,0,0.14166501477311752,0.9999999999999998,2.220446049250313e-16,IF,0,0.017344250649518448,0.9999999999999998,2.220446049250313e-16
428,AF,0,0.14217811766235317,0.9999999999999998,2.220446049250313e-16,IF,0,0.01615082995456166,0.9285714285714285,0.07142857142857151
429,AF,0,0.13939538767666795,0.9999999999999998,2.220446049250313e-16,AF,1,0.016216377765239487,0.4999999999999999,0.5000000000000001
430,AF,0,0.14326945399950192,0.9285714285714285,0.07142857142857151,IF,0,0.016456917457560803,0.5714285714285714,0.4285714285714286
431,AF,0,0.14512408560634568,0.9999999999999998,2.220446049250313e-16,IF,0,0.01581157617727947,0.9999999999999998,2.220446049250313e-16
432,AF,0,0.14311333788214814,0.9999999999999998,2.220446049250313e-16,IF,0,0.016689185809507692,0.9999999999999998,2.220446049250313e-16
433,AF,0,0.14134220587508955,0.9999999999999998,2.220446049250313e-16,AF,1,0.01559502692045298,0.4999999999999999,0.5000000000000001
434,AF,0,0.14353528016225447,0.9999999999999998,2.220446049250313e-16,IF,0,0.01581822099934592,0.9285714285714285,0.07142857142857151
435,AF,0,0.14354427841558154,0.9999999999999998,2.220446049250313e-16,IF,0,0.016756700094330435,0.9999999999999998,2.220446049250313e-16
436,AF,0,0.14571542974156682,0.9285714285714285,0.07142857142857151,IF,0,0.016109827470926597,0.9999999999999998,2.220446049250313e-16
437,AF,0,0.1441078922025597,0.9999999999999998,2.220446049250313e-16,IF,0,0.01643877614668928,0.9999999999999998,2.220446049250313e-16
438,AF,0,0.1393767758740303,0.9999999999999998,2.220446049250313e-16,IF,0,0.016712366276391052,0.9999999999999998,2.220446049250313e-16
439,AF,0,0.14047036543065045,0.9285714285714285,0.07142857142857151,IF,0,0.016534523804865534,0.9285714285714285,0.07142857142857151
440,AF,0,0.1449766654770557,0.9999999999999998,2.220446049250313e-16,AF,1,0.01621038259268698,0.4999999999999999,0.5000000000000001
441,AF,0,0.1453150483319361,0.9285714285714285,0.07142857142857151,IF,0,0.015747416008694903,0.9999999999999998,2.220446049250313e-16
442,AF,0,0.14403851689686842,0.9999999999999998,2.220446049250313e-16,IF,0,0.016215189958235912,0.9999999999999998,2.220446049250313e-16
443,AF,0,0.1374298733520739,0.9999999999999998,2.220446049250313e-16,IF,0,0.0162192654970416,0.9285714285714285,0.07142857142857151
444,AF,0,0.1458542649342325,0.9999999999999998,2.220446049250313e-16,IF,0,0.016294147538657905,0.9999999999999998,2.220446049250313e-16
445,AF,0,0.1421157545064479,0.9999999999999998,2.220446049250313e-16,IF,0,0.01591316960552031,0.6428571428571428,0.3571428571428572
446,AF,0,0.14117461073465548,0.9999999999999998,2.220446049250313e-16,IF,0,0.016047368272090065,0.9999999999999998,2.220446049250313e-16
447,AF,0,0.14620598605774046,0.9999999999999998,2.220446049250313e-16,IF,0,0.01614934755327342,0.9999999999999998,2.220446049250313e-16
448,AF,0,0.14380837917320105,0.9285714285714285,0.07142857142857151,AF,1,0.015702830934243985,0.2857142857142857,0.7142857142857143
449,AF,0,0.14511806192735566,0.9999999999999998,2.220446049250313e-16,IF,0,0.016026354620069367,0.9999999999999998,2.220446049250313e-16
450,AF,0,0.14060110426938288,0.9999999999999998,2.220446049250313e-16,IF,0,0.01654284429940888,0.9999999999999998,2.220446049250313e-16
451,AF,0,0.1435008966148249,0.9999999999999998,2.220446049250313e-16,IF,0,0.015954750560009008,0.9999999999999998,2.220446049250313e-16
452,AF,0,0.14211258379817363,0.9999999999999998,2.220446049250313e-16,IF,0,0.01624824140025318,0.9999999999999998,2.220446049250313e-16
453,AF,0,0.1395988340622216,0.9999999999999998,2.220446049250313e-16,AF,1,0.016422326857309294,0.4999999999999999,0.5000000000000001
454,AF,0,0.14969629046514327,0.9999999999999998,2.220446049250313e-16,AF,1,0.015782696847910224,0.42857142857142855,0.5714285714285714
455,AF,0,0.13620748057418847,0.9999999999999998,2.220446049250313e-16,AF,1,0.01570934798132625,0.4999999999999999,0.5000000000000001
456,AF,0,0.14284072045179017,0.9999999999999998,2.220446049250313e-16,IF,0,0.015900340125114817,0.9999999999999998,2.220446049250313e-16
457,AF,0,0.13947476376530077,0.9999999999999998,2.220446049250313e-16,IF,0,0.016541126254824363,0.9999999999999998,2.220446049250313e-16
458,AF,0,0.1442480037762381,0.9999999999999998,2.220446049250313e-16,IF,0,0.0161513762569182,0.9999999999999998,2.220446049250313e-16
459,AF,0,0.1452847038676932,0.9999999999999998,2.220446049250313e-16,IF,0,0.01612477152029027,0.9285714285714285,0.07142857142857151
460,AF,0,0.1440887294425724,0.9999999999999998,2.220446049250313e-16,IF,0,0.016075348614066218,0.9999999999999998,2.220446049250313e-16
461,AF,0,0.14530642850408293,0.9999999999999998,2.220446049250313e-16,IF,0,0.016285547770183283,0.9285714285714285,0.07142857142857151
462,AF,0,0.14018215413265445,0.9999999999999998,2.220446049250313e-16,IF,0,0.017060420395800538,0.9999999999999998,2.220446049250313e-16
463,AF,0,0.13656867701550707,0.9999999999999998,2.220446049250313e-16,AF,1,0.015819929843261818,0.4999999999999999,0.5000000000000001
464,AF,0,0.14009857089855293,0.9999999999999998,2.220446049250313e-16,AF,1,0.016407402184255463,0.2857142857142857,0.7142857142857143
465,AF,0,0.1405184262492738,0.9999999999999998,2.220446049250313e-16,AF,1,0.016381397371314974,0.42857142857142855,0.5714285714285714
466,AF,0,0.14208097065423675,0.9999999999999998,2.220446049250313e-16,AF,1,0.016059847603126304,0.4999999999999999,0.5000000000000001
467,AF,0,0.13740003996017852,0.9999999999999998,2.220446049250313e-16,AF,1,0.016038421087649742,0.4999999999999999,0.5000000000000001
468,AF,0,0.14138598468312125,0.9285714285714285,0.07142857142857151,IF,0,0.01591727272060611,0.9999999999999998,2.220446049250313e-16
469,AF,0,0.13946898701872512,0.9285714285714285,0.07142857142857151,AF,1,0.015839908778884866,0.4999999999999999,0.5000000000000001
470,AF,0,0.14085606320234492,0.9999999999999998,2.220446049250313e-16,AF,1,0.01588370217058085,0.4999999999999999,0.5000000000000001
471,AF,0,0.14117811771085853,0.9999999999999998,2.220446049250313e-16,IF,0,0.015399960755550984,0.9285714285714285,0.07142857142857151
472,AF,0,0.14102210410013877,0.9999999999999998,2.220446049250313e-16,AF,1,0.01582354754201933,0.4999999999999999,0.5000000000000001
473,AF,0,0.1459451458048306,0.9999999999999998,2.220446049250313e-16,IF,0,0.016128498725231488,0.9285714285714285,0.07142857142857151
474,AF,0,0.13829617219529894,0.9999999999999998,2.220446049250313e-16,AF,1,0.01660945845490349,0.4999999999999999,0.5000000000000001
475,AF,0,0.13782319046712585,0.9999999999999998,2.220446049250313e-16,IF,0,0.01658812721537008,0.9999999999999998,2.220446049250313e-16
476,AF,0,0.14183006645475016,0.9999999999999998,2.220446049250313e-16,IF,0,0.015905527003926834,0.9999999999999998,2.220446049250313e-16
477,AF,0,0.1421062438738524,0.9999999999999998,2.220446049250313e-16,IF,0,0.016539314730579298,0.9999999999999998,2.220446049250313e-16
478,AF,0,0.13824414275924493,0.9999999999999998,2.220446049250313e-16,IF,0,0.016165409988522634,0.9999999999999998,2.220446049250313e-16
479,AF,0,0.14533428670760673,0.9999999999999998,2.220446049250313e-16,IF,0,0.01627513310833147,0.6428571428571428,0.3571428571428572
480,AF,0,0.14724108616714393,0.9999999999999998,2.220446049250313e-16,AF,1,0.016071222756235657,0.2857142857142857,0.7142857142857143
481,AF,0,0.14038582138975453,0.9999999999999998,2.220446049250313e-16,AF,1,0.016399712336210022,0.4999999999999999,0.5000000000000001
482,AF,0,0.14278289239215247,0.9285714285714285,0.07142857142857151,AF,1,0.01663725697044374,0.4999999999999999,0.5000000000000001
483,AF,0,0.14638060157623317,0.9285714285714285,0.07142857142857151,IF,0,0.01626876423286839,0.9999999999999998,2.220446049250313e-16
484,AF,0,0.1413222525841936,0.9999999999999998,2.220446049250313e-16,IF,0,0.015614404175012675,0.9285714285714285,0.07142857142857151
485,AF,0,0.14373550226060827,0.9999999999999998,2.220446049250313e-16,IF,0,0.016134670764887796,0.9999999999999998,2.220446049250313e-16
486,AF,0,0.14539618219533368,0.9999999999999998,2.220446049250313e-16,AF,1,0.016972353192766923,0.4999999999999999,0.5000000000000001
487,AF,0,0.14354996000483516,0.9999999999999998,2.220446049250313e-16,IF,0,0.015975191652490534,0.9285714285714285,0.07142857142857151
488,AF,0,0.1396214796751965,0.9285714285714285,0.07142857142857151,IF,0,0.01561390070039351,0.9999999999999998,2.220446049250313e-16
489,AF,0,0.14209943864773472,0.9999999999999998,2.220446049250313e-16,IF,0,0.01580183323963734,0.9999999999999998,2.220446049250313e-16
490,AF,0,0.14595519562182918,0.9999999999999998,2.220446049250313e-16,IF,0,0.01670660453208876,0.5714285714285714,0.4285714285714286
491,AF,0,0.1411961593686249,0.9999999999999998,2.220446049250313e-16,IF,0,0.01650581539462024,0.9999999999999998,2.220446049250313e-16
492,AF,0,0.1410675023984274,0.9999999999999998,2.220446049250313e-16,IF,0,0.016787191894214668,0.9999999999999998,2.220446049250313e-16
493,AF,0,0.14526077809215462,0.9285714285714285,0.07142857142857151,AF,1,0.015868110751829152,0.4999999999999999,0.5000000000000001
494,AF,0,0.14103126586813658,0.9285714285714285,0.07142857142857151,IF,0,0.015619760419492701,0.9999999999999998,2.220446049250313e-16
495,AF,0,0.1323073707534567,0.9999999999999998,2.220446049250313e-16,AF,1,0.015763563926523064,0.42857142857142855,0.5714285714285714
496,AF,0,0.13796424358926096,0.9999999999999998,2.220446049250313e-16,IF,0,0.016508473726764405,0.9999999999999998,2.220446049250313e-16
497,AF,0,0.14655480163530346,0.9999999999999998,2.220446049250313e-16,IF,0,0.016709384259255382,0.9999999999999998,2.220446049250313e-16
498,AF,0,0.1448903081978967,0.9999999999999998,2.220446049250313e-16,AF,1,0.016535728656916698,0.42857142857142855,0.5714285714285714
499,AF,0,0.14173614726693412,0.9999999999999998,2.220446049250313e-16,IF,0,0.016028785446346592,0.9285714285714285,0.07142857142857151
500,AF,0,0.14095185540148839,0.9999999999999998,2.220446049250313e-16,IF,0,0.01612335473965539,0.9999999999999998,2.220446049250313e-16
501,AF,0,0.1471215512925968,0.9999999999999998,2.220446049250313e-16,AF,1,0.015703930074122206,0.4999999999999999,0.5000000000000001
502,AF,0,0.14414998759815692,0.9999999999999998,2.220446049250313e-16,IF,0,0.01624158398775497,0.9285714285714285,0.07142857142857151
503,AF,0,0.1408044085637754,0.9285714285714285,0.07142857142857151,IF,0,0.016287728316313258,0.6428571428571428,0.3571428571428572
504,AF,0,0.1429599844345914,0.9285714285714285,0.07142857142857151,IF,0,0.01591796946247108,0.9999999999999998,2.220446049250313e-16
505,AF,0,0.14149971376276624,0.9999999999999998,2.220446049250313e-16,IF,0,0.016035635538096452,0.9999999999999998,2.220446049250313e-16
506,AF,0,0.14193071334522653,0.9999999999999998,2.220446049250313e-16,AF,1,0.016369165549427703,0.4999999999999999,0.5000000000000001
507,AF,0,0.142422329383329,0.9999999999999998,2.220446049250313e-16,AF,1,0.016303589212285093,0.4999999999999999,0.5000000000000001
508,AF,0,0.13976873590441335,0.9999999999999998,2.220446049250313e-16,IF,0,0.01580756305635803,0.6428571428571428,0.3571428571428572
509,AF,0,0.14411637702080482,0.9999999999999998,2.220446049250313e-16,IF,0,0.015681409689684962,0.9999999999999998,2.220446049250313e-16
510,AF,0,0.143451022398714,0.9999999999999998,2.220446049250313e-16,IF,0,0.015944325956157614,0.9999999999999998,2.220446049250313e-16
511,AF,0,0.14117711495073237,0.9999999999999998,2.220446049250313e-16,AF,1,0.015428359219795537,0.42857142857142855,0.5714285714285714
512,AF,0,0.14781786600130242,0.9999999999999998,2.220446049250313e-16,IF,0,0.01628507639136361,0.9285714285714285,0.07142857142857151
513,AF,0,0.14327050316379342,0.9285714285714285,0.07142857142857151,IF,0,0.016785342225487568,0.9999999999999998,2.220446049250313e-16
514,AF,0,0.14129542945112822,0.9999999999999998,2.220446049250313e-16,IF,0,0.016310287325772624,0.9285714285714285,0.07142857142857151
515,AF,0,0.13527715945201163,0.9999999999999998,2.220446049250313e-16,IF,0,0.01639870047922452,0.9999999999999998,2.220446049250313e-16
516,AF,0,0.14029765787487586,0.9285714285714285,0.07142857142857151,IF,0,0.015763224715818334,0.9999999999999998,2.220446049250313e-16
517,AF,0,0.14303881748318312,0.9999999999999998,2.220446049250313e-16,IF,0,0.016228985388985154,0.9999999999999998,2.220446049250313e-16
518,AF,0,0.14101950408982125,0.9285714285714285,0.07142857142857151,IF,0,0.015961946417434862,0.9999999999999998,2.220446049250313e-16
519,AF,0,0.13874742909854407,0.9999999999999998,2.220446049250313e-16,IF,0,0.015783332955689143,0.9285714285714285,0.07142857142857151
520,AF,0,0.14437137410720885,0.9999999999999998,2.220446049250313e-16,IF,0,0.016618389262828596,0.9999999999999998,2.220446049250313e-16
521,AF,0,0.14385350073089953,0.9999999999999998,2.220446049250313e-16,AF,1,0.01602022375828247,0.4999999999999999,0.5000000000000001
522,AF,0,0.1425908829628112,0.9999999999999998,2.220446049250313e-16,IF,0,0.01609950463989987,0.9999999999999998,2.220446049250313e-16
523,AF,0,0.14263861546223638,0.9999999999999998,2.220446049250313e-16,IF,0,0.016447242689528668,0.9999999999999998,2.220446049250313e-16
524,AF,0,0.1436677634095706,0.9999999999999998,2.220446049250313e-16,IF,0,0.01596961917863844,0.9999999999999998,2.220446049250313e-16
525,AF,0,0.14049722011637122,0.9285714285714285,0.07142857142857151,IF,0,0.016188546624194125,0.9999999999999998,2.220446049250313e-16
526,AF,0,0.1415215425176043,0.9999999999999998,2.220446049250313e-16,IF,0,0.016086103565065533,0.9285714285714285,0.07142857142857151
527,AF,0,0.13773483471600934,0.9999999999999998,2.220446049250313e-16,AF,1,0.01605435677798188,0.4999999999999999,0.5000000000000001
528,AF,0,0.14160343106030102,0.9999999999999998,2.220446049250313e-16,AF,1,0.016119319976868655,0.4999999999999999,0.5000000000000001
529,AF,0,0.13807303007001706,0.9999999999999998,2.220446049250313e-16,IF,0,0.01722309190490325,0.9999999999999998,2.220446049250313e-16
530,AF,0,0.141408613134843,0.9999999999999998,2.220446049250313e-16,AF,1,0.01600164233204507,0.4999999999999999,0.5000000000000001
531,AF,0,0.14106877188085465,0.9999999999999998,2.220446049250313e-16,IF,0,0.015982632168097873,0.9999999999999998,2.220446049250313e-16
532,AF,0,0.14051103374908946,0.9999999999999998,2.220446049250313e-16,IF,0,0.016057322890270478,0.6428571428571428,0.3571428571428572
533,AF,0,0.14257235999192042,0.9999999999999998,2.220446049250313e-16,IF,0,0.016321721267075748,0.6428571428571428,0.3571428571428572
534,AF,0,0.14500192041715407,0.9999999999999998,2.220446049250313e-16,AF,1,0.016297453942856147,0.4999999999999999,0.5000000000000001
535,AF,0,0.14311793697532973,0.9999999999999998,2.220446049250313e-16,AF,1,0.016130621560468454,0.42857142857142855,0.5714285714285714
536,AF,0,0.14519327885845845,0.9999999999999998,2.220446049250313e-16,AF,1,0.016266917170208384,0.42857142857142855,0.5714285714285714
537,AF,0,0.14464266234948747,0.9285714285714285,0.07142857142857151,IF,0,0.015753345900303785,0.9999999999999998,2.220446049250313e-16
538,AF,0,0.14284879094742578,0.9999999999999998,2.220446049250313e-16,IF,0,0.015380216624462498,0.9999999999999998,2.220446049250313e-16
539,AF,0,0.13862658164490232,0.9999999999999998,2.220446049250313e-16,AF,1,0.016499527779137074,0.42857142857142855,0.5714285714285714
540,AF,0,0.140624804644089,0.9999999999999998,2.220446049250313e-16,AF,1,0.016206858350516957,0.42857142857142855,0.5714285714285714
541,AF,0,0.14430571814592436,0.9999999999999998,2.220446049250313e-16,IF,0,0.01646060499781267,0.9999999999999998,2.220446049250313e-16
542,AF,0,0.14751540580907316,0.9285714285714285,0.07142857142857151,IF,0,0.015690764375373756,0.9999999999999998,2.220446049250313e-16
543,AF,0,0.1422136369659494,0.9999999999999998,2.220446049250313e-16,IF,0,0.015921541853877407,0.9999999999999998,2.220446049250313e-16
544,AF,0,0.1477131163872218,0.9285714285714285,0.07142857142857151,IF,0,0.01576114721538403,0.9999999999999998,2.220446049250313e-16
545,AF,0,0.13985013229731208,0.9999999999999998,2.220446049250313e-16,IF,0,0.016106048118803225,0.9999999999999998,2.220446049250313e-16
546,AF,0,0.1411060747409993,0.9285714285714285,0.07142857142857151,IF,0,0.015703151483715982,0.9285714285714285,0.07142857142857151
547,AF,0,0.14640232944044268,0.9999999999999998,2.220446049250313e-16,IF,0,0.016178774268409836,0.9285714285714285,0.07142857142857151
548,AF,0,0.1463411083091345,0.9999999999999998,2.220446049250313e-16,AF,1,0.015591820026027887,0.4999999999999999,0.5000000000000001
549,AF,0,0.14048806885494294,0.9999999999999998,2.220446049250313e-16,AF,1,0.01568615842518185,0.42857142857142855,0.5714285714285714
550,AF,0,0.14892927426035552,0.9999999999999998,2.220446049250313e-16,IF,0,0.016357723509875896,0.9999999999999998,2.220446049250313e-16
551,AF,0,0.1460286159901878,0.9999999999999998,2.220446049250313e-16,AF,1,0.0158843171411482,0.4999999999999999,0.5000000000000001
552,AF,0,0.1380923385573088,0.9999999999999998,2.220446049250313e-16,IF,0,0.015686158469018517,0.9999999999999998,2.220446049250313e-16
553,AF,0,0.13755724012151305,0.9999999999999998,2.220446049250313e-16,IF,0,0.01586112082139601,0.9285714285714285,0.07142857142857151
554,AF,0,0.14326147997900046,0.9999999999999998,2.220446049250313e-16,IF,0,0.015220683654317294,0.9999999999999998,2.220446049250313e-16
555,AF,0,0.14236953239598113,0.9999999999999998,2.220446049250313e-16,IF,0,0.015566379271665735,0.9285714285714285,0.07142857142857151
556,AF,0,0.13630407673293576,0.9999999999999998,2.220446049250313e-16,IF,0,0.01673947282267826,0.9285714285714285,0.07142857142857151
557,AF,0,0.13979907254544338,0.9999999999999998,2.220446049250313e-16,IF,0,0.01628692671471613,0.9999999999999998,2.220446049250313e-16
558,AF,0,0.14270610177939524,0.9999999999999998,2.220446049250313e-16,AF,1,0.016470060342102296,0.4999999999999999,0.5000000000000001
559,AF,0,0.1461052601199719,0.9285714285714285,0.07142857142857151,IF,0,0.016546730488543757,0.9999999999999998,2.220446049250313e-16
560,AF,0,0.1441832105483572,0.9999999999999998,2.220446049250313e-16,IF,0,0.015926777987442065,0.9999999999999998,2.220446049250313e-16
561,AF,0,0.14646448430285444,0.9999999999999998,2.220446049250313e-16,IF,0,0.016565085527766078,0.9285714285714285,0.07142857142857151
562,AF,0,0.13889153128539128,0.9999999999999998,2.220446049250313e-16,IF,0,0.01572754359327252,0.9999999999999998,2.220446049250313e-16
563,AF,0,0.14092345761002661,0.9999999999999998,2.220446049250313e-16,AF,1,0.016299339525818326,0.4999999999999999,0.5000000000000001
564,AF,0,0.14177286996929084,0.9999999999999998,2.220446049250313e-16,IF,0,0.016164392812848642,0.9999999999999998,2.220446049250313e-16
565,AF,0,0.14166583392768933,0.9999999999999998,2.220446049250313e-16,AF,1,0.01588041766015381,0.4999999999999999,0.5000000000000001
566,AF,0,0.14194794208974615,0.9999999999999998,2.220446049250313e-16,IF,0,0.01583837173773236,0.5714285714285714,0.4285714285714286
567,AF,0,0.1421552353819115,0.9999999999999998,2.220446049250313e-16,AF,1,0.017067584449147143,0.4999999999999999,0.5000000000000001
568,AF,0,0.14176397942486296,0.9285714285714285,0.07142857142857151,AF,1,0.015440970638715357,0.4999999999999999,0.5000000000000001
569,AF,0,0.14026034281926736,0.9999999999999998,2.220446049250313e-16,IF,0,0.016488500696352538,0.9285714285714285,0.07142857142857151
570,AF,0,0.13867852460508395,0.9999999999999998,2.220446049250313e-16,IF,0,0.016028499512625364,0.9285714285714285,0.07142857142857151
571,AF,0,0.14005672740750125,0.9999999999999998,2.220446049250313e-16,IF,0,0.017133011086396734,0.9999999999999998,2.220446049250313e-16
572,AF,0,0.1397646729517278,0.9999999999999998,2.220446049250313e-16,IF,0,0.01640501851647571,0.9999999999999998,2.220446049250313e-16
573,AF,0,0.14046215354579217,0.9999999999999998,2.220446049250313e-16,IF,0,0.016704707781093963,0.9999999999999998,2.220446049250313e-16
574,AF,0,0.14319077994836238,0.9999999999999998,2.220446049250313e-16,IF,0,0.016297980251275015,0.9285714285714285,0.07142857142857151
575,AF,0,0.14673482932583287,0.9999999999999998,2.220446049250313e-16,AF,1,0.016303467494366633,0.2857142857142857,0.7142857142857143
576,AF,0,0.13807410515650126,0.9285714285714285,0.07142857142857151,AF,1,0.01630618683794814,0.42857142857142855,0.5714285714285714
577,AF,0,0.1389541353842437,0.9999999999999998,2.220446049250313e-16,IF,0,0.01589987457718016,0.9285714285714285,0.07142857142857151
578,AF,0,0.1444220281858756,0.9999999999999998,2.220446049250313e-16,IF,0,0.016057583999847712,0.9285714285714285,0.07142857142857151
579,AF,0,0.1461217365454977,0.9999999999999998,2.220446049250313e-16,IF,0,0.01682054470937106,0.9999999999999998,2.220446049250313e-16
580,AF,0,0.13939126736258464,0.9999999999999998,2.220446049250313e-16,AF,1,0.016266140654734796,0.42857142857142855,0.5714285714285714
581,AF,0,0.13953899978078663,0.9999999999999998,2.220446049250313e-16,IF,0,0.015566471153902531,0.9999999999999998,2.220446049250313e-16
582,AF,0,0.13972632254231993,0.9999999999999998,2.220446049250313e-16,IF,0,0.01639281853420326,0.9285714285714285,0.07142857142857151
583,AF,0,0.14145809415939137,0.9999999999999998,2.220446049250313e-16,IF,0,0.01614219015826158,0.9999999999999998,2.220446049250313e-16
584,AF,0,0.13853960348830596,0.9999999999999998,2.220446049250313e-16,IF,0,0.016332531986913756,0.9999999999999998,2.220446049250313e-16
585,AF,0,0.14022489138399757,0.9999999999999998,2.220446049250313e-16,IF,0,0.01653209933931063,0.9999999999999998,2.220446049250313e-16
586,AF,0,0.13942987768207918,0.9999999999999998,2.220446049250313e-16,IF,0,0.016641741603408377,0.9999999999999998,2.220446049250313e-16
587,AF,0,0.1383623897610709,0.9999999999999998,2.220446049250313e-16,AF,1,0.015683177800510813,0.4999999999999999,0.5000000000000001
588,AF,0,0.14598763821231137,0.9999999999999998,2.220446049250313e-16,IF,0,0.016091588917645713,0.9999999999999998,2.220446049250313e-16
589,AF,0,0.14416670163859074,0.9999999999999998,2.220446049250313e-16,AF,1,0.016196917775096742,0.4999999999999999,0.5000000000000001
590,AF,0,0.14369725648155712,0.9285714285714285,0.07142857142857151,IF,0,0.015996020782278717,0.9999999999999998,2.220446049250313e-16
591,AF,0,0.14009312578274177,0.9285714285714285,0.07142857142857151,IF,0,0.016067258822453568,0.9285714285714285,0.07142857142857151
592,AF,0,0.14133521546334887,0.9999999999999998,2.220446049250313e-16,AF,1,0.016196211403184512,0.4999999999999999,0.5000000000000001
593,AF,0,0.14254840311916223,0.9999999999999998,2.220446049250313e-16,IF,0,0.016123711884795267,0.9285714285714285,0.07142857142857151
594,AF,0,0.1398308068417881,0.9999999999999998,2.220446049250313e-16,AF,1,0.01636574751382678,0.4999999999999999,0.5000000000000001
595,AF,0,0.14725645506290888,0.9285714285714285,0.07142857142857151,IF,0,0.016621871427703678,0.9999999999999998,2.220446049250313e-16
596,AF,0,0.14348281302289956,0.9999999999999998,2.220446049250313e-16,IF,0,0.015773684191637848,0.9999999999999998,2.220446049250313e-16
597,AF,0,0.1379276041356577,0.9999999999999998,2.220446049250313e-16,AF,1,0.0161698324737488,0.4999999999999999,0.5000000000000001
598,AF,0,0.13791257296702675,0.9999999999999998,2.220446049250313e-16,IF,0,0.016449163931394475,0.9999999999999998,2.220446049250313e-16
599,AF,0,0.14926298375015495,0.9999999999999998,2.220446049250313e-16,IF,0,0.015417852581906895,0.9285714285714285,0.07142857142857151
600,AF,0,0.14084622998327834,0.9285714285714285,0.07142857142857151,AF,1,0.01600591953045111,0.4999999999999999,0.5000000000000001
601,AF,0,0.13747531414390707,0.9285714285714285,0.07142857142857151,IF,0,0.01582677570872695,0.9999999999999998,2.220446049250313e-16
602,AF,0,0.13661501391559616,0.9999999999999998,2.220446049250313e-16,IF,0,0.016099645497886655,0.9999999999999998,2.220446049250313e-16
603,AF,0,0.14602793499150785,0.9285714285714285,0.07142857142857151,AF,1,0.01682010982492424,0.42857142857142855,0.5714285714285714
604,AF,0,0.1446840753131453,0.9999999999999998,2.220446049250313e-16,IF,0,0.016016058796188743,0.9999999999999998,2.220446049250313e-16
605,AF,0,0.14325095288609316,0.9999999999999998,2.220446049250313e-16,IF,0,0.01636538899087838,0.9285714285714285,0.07142857142857151
606,AF,0,0.14523865108787004,0.9999999999999998,2.220446049250313e-16,IF,0,0.01563869039587038,0.9999999999999998,2.220446049250313e-16
607,AF,0,0.13736746421742851,0.9999999999999998,2.220446049250313e-16,IF,0,0.01598229386050113,0.6428571428571428,0.3571428571428572
608,AF,0,0.14149906955225852,0.9999999999999998,2.220446049250313e-16,IF,0,0.016457627944723652,0.9999999999999998,2.220446049250313e-16
609,AF,0,0.13588540210331573,0.9999999999999998,2.220446049250313e-16,IF,0,0.016608038133152918,0.9999999999999998,2.220446049250313e-16
610,AF,0,0.13839928625611214,0.9999999999999998,2.220446049250313e-16,IF,0,0.016253336896134313,0.9999999999999998,2.220446049250313e-16
611,AF,0,0.1371324108637644,0.9285714285714285,0.07142857142857151,AF,1,0.015607076833932112,0.4999999999999999,0.5000000000000001
612,AF,0,0.13983857105050596,0.9285714285714285,0.07142857142857151,IF,0,0.016751469013683722,0.6428571428571428,0.3571428571428572
613,AF,0,0.14156086566206458,0.9999999999999998,2.220446049250313e-16,AF,1,0.016972435684665197,0.42857142857142855,0.5714285714285714
614,AF,0,0.1429394223871705,0.9999999999999998,2.220446049250313e-16,AF,1,0.015823538770775712,0.4999999999999999,0.5000000000000001
615,AF,0,0.14027722363473788,0.9999999999999998,2.220446049250313e-16,AF,1,0.0165597251796726,0.42857142857142855,0.5714285714285714
616,AF,0,0.13923107106650986,0.9285714285714285,0.07142857142857151,AF,1,0.01641871821258866,0.4999999999999999,0.5000000000000001
617,AF,0,0.13868403129754114,0.9285714285714285,0.07142857142857151,IF,0,0.016183176845901204,0.9999999999999998,2.220446049250313e-16
618,AF,0,0.14224649544390952,0.9999999999999998,2.220446049250313e-16,IF,0,0.01608111532566572,0.9999999999999998,2.220446049250313e-16
619,AF,0,0.14639601044924905,0.9999999999999998,2.220446049250313e-16,IF,0,0.016064183302781723,0.9999999999999998,2.220446049250313e-16
620,AF,0,0.14452195129833406,0.9999999999999998,2.220446049250313e-16,IF,0,0.01636680353368443,0.9999999999999998,2.220446049250313e-16
621,AF,0,0.13887637149584303,0.9999999999999998,2.220446049250313e-16,IF,0,0.016031631627607925,0.6428571428571428,0.3571428571428572
622,AF,0,0.14030886972747722,0.9999999999999998,2.220446049250313e-16,IF,0,0.016332641836230562,0.9999999999999998,2.220446049250313e-16
623,AF,0,0.14210216085523242,0.9999999999999998,2.220446049250313e-16,IF,0,0.01565537579320931,0.9285714285714285,0.07142857142857151
624,AF,0,0.13933052479948754,0.9999999999999998,2.220446049250313e-16,IF,0,0.01599573029064296,0.6428571428571428,0.3571428571428572
625,AF,0,0.14197159272585796,0.9999999999999998,2.220446049250313e-16,IF,0,0.017106092691674405,0.9999999999999998,2.220446049250313e-16
626,AF,0,0.14607612263665237,0.9999999999999998,2.220446049250313e-16,AF,1,0.01668379181979765,0.42857142857142855,0.5714285714285714
627,AF,0,0.14400823964474582,0.9285714285714285,0.07142857142857151,IF,0,0.01564117723710106,0.9999999999999998,2.220446049250313e-16
628,AF,0,0.1444707588447606,0.9285714285714285,0.07142857142857151,IF,0,0.015994581433240767,0.9285714285714285,0.07142857142857151
629,AF,0,0.1450483010422523,0.9999999999999998,2.220446049250313e-16,AF,1,0.015708919361287516,0.4999999999999999,0.5000000000000001
630,AF,0,0.13852834419010096,0.9999999999999998,2.220446049250313e-16,AF,1,0.01618575268940279,0.4999999999999999,0.5000000000000001
631,AF,0,0.14307910476844682,0.9285714285714285,0.07142857142857151,AF,1,0.016457990301376013,0.42857142857142855,0.5714285714285714
632,AF,0,0.13877859397579598,0.9999999999999998,2.220446049250313e-16,AF,1,0.015945215618321816,0.4999999999999999,0.5000000000000001
633,AF,0,0.14686988268317708,0.9999999999999998,2.220446049250313e-16,IF,0,0.015805392217618827,0.9999999999999998,2.220446049250313e-16
634,AF,0,0.14656842015578822,0.9999999999999998,2.220446049250313e-16,IF,0,0.017004585649097462,0.9999999999999998,2.220446049250313e-16
635,AF,0,0.137612655231231,0.9999999999999998,2.220446049250313e-16,AF,1,0.01664603852825219,0.4999999999999999,0.5000000000000001
636,AF,0,0.14029330536474308,0.9999999999999998,2.220446049250313e-16,IF,0,0.015582239690358988,0.9285714285714285,0.07142857142857151
637,AF,0,0.14115400625391952,0.9999999999999998,2.220446049250313e-16,IF,0,0.016430674317244112,0.9285714285714285,0.07142857142857151
638,AF,0,0.13611979744260355,0.9999999999999998,2.220446049250313e-16,IF,0,0.016386765577845203,0.9285714285714285,0.07142857142857151
639,AF,0,0.14216918713879556,0.9285714285714285,0.07142857142857151,AF,1,0.015750966064944166,0.42857142857142855,0.5714285714285714
640,AF,0,0.14127834539209994,0.9999999999999998,2.220446049250313e-16,AF,1,0.015974234895866274,0.4999999999999999,0.5000000000000001
641,AF,0,0.13728791490262038,0.9285714285714285,0.07142857142857151,IF,0,0.015925523918169267,0.9999999999999998,2.220446049250313e-16
642,AF,0,0.14405192265263983,0.9999999999999998,2.220446049250313e-16,IF,0,0.016359090564714285,0.9999999999999998,2.220446049250313e-16
643,AF,0,0.14442753151890086,0.9999999999999998,2.220446049250313e-16,AF,1,0.015706952798575858,0.4999999999999999,0.5000000000000001
644,AF,0,0.13983026839452217,0.9999999999999998,2.220446049250313e-16,AF,1,0.016161598463275067,0.4999999999999999,0.5000000000000001
645,AF,0,0.13990523488426798,0.9999999999999998,2.220446049250313e-16,AF,1,0.016158535121408805,0.4999999999999999,0.5000000000000001
646,AF,0,0.14087916578957743,0.9285714285714285,0.07142857142857151,IF,0,0.015900871905826855,0.9999999999999998,2.220446049250313e-16
647,AF,0,0.14353913572267973,0.9999999999999998,2.220446049250313e-16,AF,1,0.016316106992564715,0.4999999999999999,0.5000000000000001
648,AF,0,0.13818118563465356,0.9999999999999998,2.220446049250313e-16,AF,1,0.01591935196526129,0.4999999999999999,0.5000000000000001
649,AF,0,0.13950981648793542,0.9999999999999998,2.220446049250313e-16,AF,1,0.01566544210969344,0.4999999999999999,0.5000000000000001
650,AF,0,0.14370125708761028,0.9285714285714285,0.07142857142857151,IF,0,0.016828617632876682,0.9999999999999998,2.220446049250313e-16
651,AF,0,0.1388781280416147,0.9999999999999998,2.220446049250313e-16,AF,1,0.015551529958706973,0.4999999999999999,0.5000000000000001
652,AF,0,0.1420169442517994,0.9999999999999998,2.220446049250313e-16,AF,1,0.015726401311363006,0.4999999999999999,0.5000000000000001
653,AF,0,0.14267773343743279,0.9285714285714285,0.07142857142857151,IF,0,0.016474668270716135,0.9999999999999998,2.220446049250313e-16
654,AF,0,0.14323400871583736,0.9999999999999998,2.220446049250313e-16,AF,1,0.015566477371881604,0.4999999999999999,0.5000000000000001
655,AF,0,0.13726719323650372,0.9999999999999998,2.220446049250313e-16,IF,0,0.01594920994755412,0.9285714285714285,0.07142857142857151
656,AF,0,0.1408512547727081,0.9999999999999998,2.220446049250313e-16,AF,1,0.016563791540354936,0.4999999999999999,0.5000000000000001
657,AF,0,0.1411141216544954,0.9999999999999998,2.220446049250313e-16,IF,0,0.01618667671050936,0.9999999999999998,2.220446049250313e-16
658,AF,0,0.1479817107313451,0.9285714285714285,0.07142857142857151,AF,1,0.01628775125764879,0.4999999999999999,0.5000000000000001
659,AF,0,0.1435049764482405,0.9999999999999998,2.220446049250313e-16,IF,0,0.01589865608952542,0.9999999999999998,2.220446049250313e-16
660,AF,0,0.14009905120709354,0.9999999999999998,2.220446049250313e-16,AF,1,0.016705009247617145,0.4999999999999999,0.5000000000000001
661,AF,0,0.1364573956305929,0.9999999999999998,2.220446049250313e-16,IF,0,0.016713958594657286,0.9999999999999998,2.220446049250313e-16
662,AF,0,0.13838748779216445,0.9999999999999998,2.220446049250313e-16,AF,1,0.016013275352811794,0.4999999999999999,0.5000000000000001
663,AF,0,0.14094786727285658,0.9999999999999998,2.220446049250313e-16,IF,0,0.015699318768401943,0.9999999999999998,2.220446049250313e-16
664,AF,0,0.14136826795794405,0.9999999999999998,2.220446049250313e-16,IF,0,0.015662672880326026,0.9999999999999998,2.220446049250313e-16
665,AF,0,0.14273309031261405,0.9999999999999998,2.220446049250313e-16,IF,0,0.015539699686931524,0.6428571428571428,0.3571428571428572
666,AF,0,0.13932703274287328,0.9285714285714285,0.07142857142857151,AF,1,0.015529639219632543,0.4999999999999999,0.5000000000000001
667,AF,0,0.1423920213933445,0.9999999999999998,2.220446049250313e-16,AF,1,0.015878052338443173,0.4999999999999999,0.5000000000000001
668,AF,0,0.14155340491941143,0.9999999999999998,2.220446049250313e-16,AF,1,0.01610997912808202,0.4999999999999999,0.5000000000000001
669,AF,0,0.14379986483053583,0.9285714285714285,0.07142857142857151,IF,0,0.015416228648822118,0.9285714285714285,0.07142857142857151
670,AF,0,0.14380616505468313,0.9999999999999998,2.220446049250313e-16,IF,0,0.016006486586279324,0.9999999999999998,2.220446049250313e-16
671,AF,0,0.14089289997146268,0.9999999999999998,2.220446049250313e-16,IF,0,0.015988747784255398,0.9285714285714285,0.07142857142857151
672,AF,0,0.14309433649058334,0.9999999999999998,2.220446049250313e-16,AF,1,0.015943379745386937,0.4999999999999999,0.5000000000000001
673,AF,0,0.13951430843113768,0.9999999999999998,2.220446049250313e-16,AF,1,0.016296140053699525,0.42857142857142855,0.5714285714285714
674,AF,0,0.14585886676844895,0.9285714285714285,0.07142857142857151,IF,0,0.016405726520991433,0.9999999999999998,2.220446049250313e-16
675,AF,0,0.1373220717466741,0.9999999999999998,2.220446049250313e-16,IF,0,0.0153992358471374,0.9999999999999998,2.220446049250313e-16
676,AF,0,0.13532919184207282,0.9999999999999998,2.220446049250313e-16,IF,0,0.01747064866432955,0.9999999999999998,2.220446049250313e-16
677,AF,0,0.144156426411067,0.9999999999999998,2.220446049250313e-16,IF,0,0.0162224589326036,0.9285714285714285,0.07142857142857151
678,AF,0,0.14329365798385535,0.9999999999999998,2.220446049250313e-16,AF,1,0.01605191325237223,0.42857142857142855,0.5714285714285714
679,AF,0,0.13568196438362448,0.9999999999999998,2.220446049250313e-16,AF,1,0.01634476559700346,0.42857142857142855,0.5714285714285714
680,AF,0,0.14175285146483113,0.9999999999999998,2.220446049250313e-16,IF,0,0.016640194158558434,0.9285714285714285,0.07142857142857151
681,AF,0,0.1465737357294244,0.9999999999999998,2.220446049250313e-16,IF,0,0.016183662637002657,0.9999999999999998,2.220446049250313e-16
682,AF,0,0.14031896340668853,0.9285714285714285,0.07142857142857151,IF,0,0.0159275283521854,0.9999999999999998,2.220446049250313e-16
683,AF,0,0.1360887062189729,0.9285714285714285,0.07142857142857151,AF,1,0.015884453748461994,0.4999999999999999,0.5000000000000001
684,AF,0,0.14555918657901157,0.9999999999999998,2.220446049250313e-16,AF,1,0.015491509780499657,0.4999999999999999,0.5000000000000001
685,AF,0,0.14483186305393808,0.9999999999999998,2.220446049250313e-16,AF,1,0.016875129389475142,0.4999999999999999,0.5000000000000001
686,AF,0,0.14074977452430149,0.9999999999999998,2.220446049250313e-16,IF,0,0.016323462700368368,0.9999999999999998,2.220446049250313e-16
687,AF,0,0.14641596046414196,0.9999999999999998,2.220446049250313e-16,AF,1,0.016128349376650714,0.4999999999999999,0.5000000000000001
688,AF,0,0.1402494361269872,0.9999999999999998,2.220446049250313e-16,IF,0,0.01651967692387369,0.9999999999999998,2.220446049250313e-16
689,AF,0,0.13883666696847125,0.9999999999999998,2.220446049250313e-16,AF,1,0.015548751159781419,0.4999999999999999,0.5000000000000001
690,AF,0,0.14298835801103923,0.9999999999999998,2.220446049250313e-16,IF,0,0.015744739647093747,0.9999999999999998,2.220446049250313e-16
691,AF,0,0.14757969648908215,0.9999999999999998,2.220446049250313e-16,IF,0,0.016338354641422505,0.9999999999999998,2.220446049250313e-16
692,AF,0,0.1450271927615612,0.9999999999999998,2.220446049250313e-16,IF,0,0.015990542896551503,0.9285714285714285,0.07142857142857151
693,AF,0,0.14229981865795416,0.9999999999999998,2.220446049250313e-16,IF,0,0.015212925551060729,0.9999999999999998,2.220446049250313e-16
694,AF,0,0.14074822918565305,0.9999999999999998,2.220446049250313e-16,IF,0,0.016679264829606,0.9999999999999998,2.220446049250313e-16
695,AF,0,0.14509345504758797,0.9285714285714285,0.07142857142857151,IF,0,0.01655090631375072,0.9999999999999998,2.220446049250313e-16
696,AF,0,0.14207810282185354,0.9999999999999998,2.220446049250313e-16,AF,1,0.016226540093536822,0.4999999999999999,0.5000000000000001
697,AF,0,0.14426486158322163,0.9999999999999998,2.220446049250313e-16,AF,1,0.01638292578089546,0.42857142857142855,0.5714285714285714
698,AF,0,0.14396532235614556,0.9285714285714285,0.07142857142857151,IF,0,0.015693350452361875,0.9285714285714285,0.07142857142857151
699,AF,0,0.14375935331082382,0.9285714285714285,0.07142857142857151,IF,0,0.01615521750405372,0.9999999999999998,2.220446049250313e-16
700,AF,0,0.14196898340604344,0.9999999999999998,2.220446049250313e-16,IF,0,0.01636640052101231,0.9999999999999998,2.220446049250313e-16
701,AF,0,0.14963593440326858,0.9999999999999998,2.220446049250313e-16,AF,1,0.016056922365326406,0.21428571428571427,0.7857142857142857
702,AF,0,0.1436053197217249,0.9999999999999998,2.220446049250313e-16,AF,1,0.016420482475834667,0.4999999999999999,0.5000000000000001
703,AF,0,0.14712587919000034,0.9999999999999998,2.220446049250313e-16,AF,1,0.01623192956934883,0.4999999999999999,0.5000000000000001
704,AF,0,0.13888169645962553,0.9999999999999998,2.220446049250313e-16,IF,0,0.016418227525404526,0.9999999999999998,2.220446049250313e-16
705,AF,0,0.1388520669256002,0.9999999999999998,2.220446049250313e-16,AF,1,0.016223450325096242,0.42857142857142855,0.5714285714285714
706,AF,0,0.14071654503918568,0.9999999999999998,2.220446049250313e-16,IF,0,0.015977653558504196,0.9999999999999998,2.220446049250313e-16
707,AF,0,0.14133555102332615,0.9285714285714285,0.07142857142857151,AF,1,0.015908065994990377,0.21428571428571427,0.7857142857142857
708,AF,0,0.14193196249621878,0.9999999999999998,2.220446049250313e-16,IF,0,0.016306177632176417,0.9999999999999998,2.220446049250313e-16
709,AF,0,0.1467882157922744,0.9999999999999998,2.220446049250313e-16,IF,0,0.01683468029174991,0.9999999999999998,2.220446049250313e-16
710,AF,0,0.1406150330558586,0.9999999999999998,2.220446049250313e-16,IF,0,0.01625407309107962,0.9285714285714285,0.07142857142857151
711,AF,0,0.1374057629975147,0.9999999999999998,2.220446049250313e-16,AF,1,0.01627370428839149,0.4999999999999999,0.5000000000000001
712,AF,0,0.1435630377909412,0.9285714285714285,0.07142857142857151,IF,0,0.01625625444191436,0.9999999999999998,2.220446049250313e-16
713,AF,0,0.13931127691430326,0.9999999999999998,2.220446049250313e-16,IF,0,0.015718234955454494,0.9999999999999998,2.220446049250313e-16
714,AF,0,0.1457370521574114,0.9999999999999998,2.220446049250313e-16,AF,1,0.016118769535420102,0.4999999999999999,0.5000000000000001
715,AF,0,0.14102748957766148,0.9999999999999998,2.220446049250313e-16,AF,1,0.016038486449104813,0.4999999999999999,0.5000000000000001
716,AF,0,0.13916664233603365,0.9285714285714285,0.07142857142857151,AF,1,0.016216609056899783,0.4999999999999999,0.5000000000000001
717,AF,0,0.14492787267268598,0.9999999999999998,2.220446049250313e-16,IF,0,0.01636331637538667,0.9285714285714285,0.07142857142857151
718,AF,0,0.13933717610695415,0.9999999999999998,2.220446049250313e-16,IF,0,0.015714499880283242,0.9999999999999998,2.220446049250313e-16
719,AF,0,0.14694187864966357,0.9999999999999998,2.220446049250313e-16,IF,0,0.0160391424715769,0.9999999999999998,2.220446049250313e-16
720,AF,0,0.14403080165271134,0.9999999999999998,2.220446049250313e-16,IF,0,0.016362745108909345,0.6428571428571428,0.3571428571428572
721,AF,0,0.13945490179520673,0.9999999999999998,2.220446049250313e-16,IF,0,0.01595988500910298,0.9285714285714285,0.07142857142857151
722,AF,0,0.14592918984289888,0.9999999999999998,2.220446049250313e-16,AF,1,0.016197780485498036,0.42857142857142855,0.5714285714285714
723,AF,0,0.1438432682948505,0.9999999999999998,2.220446049250313e-16,IF,0,0.016016804921740076,0.9285714285714285,0.07142857142857151
724,AF,0,0.14187413474526656,0.9999999999999998,2.220446049250313e-16,IF,0,0.01608938044918385,0.9285714285714285,0.07142857142857151
725,AF,0,0.1468927588896788,0.9999999999999998,2.220446049250313e-16,IF,0,0.01606108690479911,0.9999999999999998,2.220446049250313e-16
726,AF,0,0.14097912597459786,0.9999999999999998,2.220446049250313e-16,IF,0,0.016576422664509635,0.9999999999999998,2.220446049250313e-16
727,AF,0,0.13817529622490765,0.9999999999999998,2.220446049250313e-16,IF,0,0.016217559139689405,0.9999999999999998,2.220446049250313e-16
728,AF,0,0.14055761938500652,0.9285714285714285,0.07142857142857151,IF,0,0.01596333784821595,0.9999999999999998,2.220446049250313e-16
729,AF,0,0.1355102797582546,0.9999999999999998,2.220446049250313e-16,AF,1,0.015730530043244113,0.42857142857142855,0.5714285714285714
730,AF,0,0.14114441233626485,0.9285714285714285,0.07142857142857151,AF,1,0.016201930716665786,0.4999999999999999,0.5000000000000001
731,AF,0,0.14207046884395352,0.9999999999999998,2.220446049250313e-16,IF,0,0.015970512106069198,0.9999999999999998,2.220446049250313e-16
732,AF,0,0.1365240276816176,0.9999999999999998,2.220446049250313e-16,IF,0,0.015618738892696315,0.9999999999999998,2.220446049250313e-16
733,AF,0,0.1443383869396028,0.9999999999999998,2.220446049250313e-16,IF,0,0.015564696034805878,0.9285714285714285,0.07142857142857151
734,AF,0,0.14078064790741174,0.9999999999999998,2.220446049250313e-16,AF,1,0.016300934591528926,0.42857142857142855,0.5714285714285714
735,AF,0,0.14450589498710234,0.9999999999999998,2.220446049250313e-16,IF,0,0.016023206190084183,0.9285714285714285,0.07142857142857151
736,AF,0,0.1375569573330169,0.9999999999999998,2.220446049250313e-16,IF,0,0.0159803775791124,0.9999999999999998,2.220446049250313e-16
737,AF,0,0.142173846502983,0.9999999999999998,2.220446049250313e-16,AF,1,0.01639242251969364,0.4999999999999999,0.5000000000000001
738,AF,0,0.14368407270344863,0.9999999999999998,2.220446049250313e-16,IF,0,0.01667577466927132,0.9999999999999998,2.220446049250313e-16
739,AF,0,0.13772452036341887,0.9999999999999998,2.220446049250313e-16,AF,1,0.01603367804632108,0.42857142857142855,0.5714285714285714
740,AF,0,0.14387606836798855,0.9999999999999998,2.220446049250313e-16,IF,0,0.016122296578732976,0.9999999999999998,2.220446049250313e-16
741,AF,0,0.14193505192761816,0.9999999999999998,2.220446049250313e-16,IF,0,0.01649118708862571,0.6428571428571428,0.3571428571428572
742,AF,0,0.1403562089533757,0.9999999999999998,2.220446049250313e-16,AF,1,0.01608221779757537,0.4999999999999999,0.5000000000000001
743,AF,0,0.1380233818959697,0.9999999999999998,2.220446049250313e-16,AF,1,0.015948141829723015,0.4999999999999999,0.5000000000000001
744,AF,0,0.1400107018686101,0.9285714285714285,0.07142857142857151,IF,0,0.016150722206078102,0.5714285714285714,0.4285714285714286
745,AF,0,0.13997914035177556,0.9999999999999998,2.220446049250313e-16,IF,0,0.015617508879545697,0.9999999999999998,2.220446049250313e-16
746,AF,0,0.1369270733448837,0.9285714285714285,0.07142857142857151,IF,0,0.016299413128902148,0.9285714285714285,0.07142857142857151
747,AF,0,0.1382906709875853,0.9285714285714285,0.07142857142857151,IF,0,0.0160455868674451,0.9999999999999998,2.220446049250313e-16
748,AF,0,0.14809478837233336,0.9999999999999998,2.220446049250313e-16,IF,0,0.01639068252913383,0.9999999999999998,2.220446049250313e-16
749,AF,0,0.13315357621462326,0.9285714285714285,0.07142857142857151,IF,0,0.015795686688037908,0.9999999999999998,2.220446049250313e-16
750,AF,0,0.14213835714515408,0.9999999999999998,2.220446049250313e-16,IF,0,0.01600791660665228,0.9999999999999998,2.220446049250313e-16
751,AF,0,0.14496200614003352,0.9999999999999998,2.220446049250313e-16,IF,0,0.01689205508671813,0.9999999999999998,2.220446049250313e-16
752,AF,0,0.1390646465069459,0.9285714285714285,0.07142857142857151,AF,1,0.01639980053514738,0.4999999999999999,0.5000000000000001
753,AF,0,0.14917898657630882,0.9999999999999998,2.220446049250313e-16,AF,1,0.015790798334884053,0.2857142857142857,0.7142857142857143
754,AF,0,0.13904281914550018,0.9285714285714285,0.07142857142857151,AF,1,0.015671631529790824,0.4999999999999999,0.5000000000000001
755,AF,0,0.13891917064876913,0.9999999999999998,2.220446049250313e-16,IF,0,0.015849072552750008,0.9285714285714285,0.07142857142857151
756,AF,0,0.14148370488942358,0.9999999999999998,2.220446049250313e-16,IF,0,0.016823607308427888,0.9999999999999998,2.220446049250313e-16
757,AF,0,0.1318168101334996,0.9285714285714285,0.07142857142857151,AF,1,0.015814803488450394,0.4999999999999999,0.5000000000000001
758,AF,0,0.1431309082200038,0.9999999999999998,2.220446049250313e-16,IF,0,0.016585121263682587,0.9999999999999998,2.220446049250313e-16
759,AF,0,0.1417857238413241,0.9999999999999998,2.220446049250313e-16,IF,0,0.01619702727271012,0.9999999999999998,2.220446049250313e-16
760,AF,0,0.14271089364382866,0.9999999999999998,2.220446049250313e-16,IF,0,0.015979218273328422,0.9999999999999998,2.220446049250313e-16
761,AF,0,0.14309068601879008,0.9999999999999998,2.220446049250313e-16,IF,0,0.016301052671776634,0.9999999999999998,2.220446049250313e-16
762,AF,0,0.13907787471828922,0.9285714285714285,0.07142857142857151,IF,0,0.01569864377598032,0.9285714285714285,0.07142857142857151
763,AF,0,0.13954280531068025,0.9999999999999998,2.220446049250313e-16,IF,0,0.016381703294639536,0.9999999999999998,2.220446049250313e-16
764,AF,0,0.1453201939186875,0.9999999999999998,2.220446049250313e-16,IF,0,0.015951574876013574,0.9999999999999998,2.220446049250313e-16
765,AF,0,0.14121457946703542,0.9285714285714285,0.07142857142857151,AF,1,0.016046386707420757,0.42857142857142855,0.5714285714285714
766,AF,0,0.14574868642884337,0.9999999999999998,2.220446049250313e-16,IF,0,0.01649494728942122,0.9999999999999998,2.220446049250313e-16
767,AF,0,0.1383238332546724,0.9999999999999998,2.220446049250313e-16,IF,0,0.01593818230064259,0.9999999999999998,2.220446049250313e-16
768,AF,0,0.13850436136874075,0.9285714285714285,0.07142857142857151,AF,1,0.016124631520999074,0.4999999999999999,0.5000000000000001
769,AF,0,0.14330571828179262,0.9285714285714285,0.07142857142857151,AF,1,0.01603013611470591,0.42857142857142855,0.5714285714285714
770,AF,0,0.14418232515719337,0.9999999999999998,2.220446049250313e-16,IF,0,0.01590277803414376,0.9285714285714285,0.07142857142857151
771,AF,0,0.14730649426073777,0.9999999999999998,2.220446049250313e-16,IF,0,0.016479203904872213,0.9999999999999998,2.220446049250313e-16
772,AF,0,0.1410206324469893,0.9999999999999998,2.220446049250313e-16,IF,0,0.015675521487216952,0.6428571428571428,0.3571428571428572
773,AF,0,0.14355635690333501,0.9999999999999998,2.220446049250313e-16,IF,0,0.015523368626777273,0.6428571428571428,0.3571428571428572
774,AF,0,0.14368005198462547,0.9999999999999998,2.220446049250313e-16,IF,0,0.0158880788142562,0.9999999999999998,2.220446049250313e-16
775,AF,0,0.14068099067445344,0.9285714285714285,0.07142857142857151,IF,0,0.016352927896889028,0.9999999999999998,2.220446049250313e-16
776,AF,0,0.13599689771148227,0.9999999999999998,2.220446049250313e-16,IF,0,0.01613651883482494,0.9999999999999998,2.220446049250313e-16
777,AF,0,0.13757926007693796,0.9285714285714285,0.07142857142857151,IF,0,0.016364171659759102,0.6428571428571428,0.3571428571428572
778,AF,0,0.1382909153591308,0.9999999999999998,2.220446049250313e-16,IF,0,0.016147719384362085,0.9999999999999998,2.220446049250313e-16
779,AF,0,0.14620115974700312,0.9999999999999998,2.220446049250313e-16,AF,1,0.01672759177625711,0.4999999999999999,0.5000000000000001
780,AF,0,0.14344275057035089,0.9999999999999998,2.220446049250313e-16,IF,0,0.017544887576929447,0.9999999999999998,2.220446049250313e-16
781,AF,0,0.14259628030760652,0.9285714285714285,0.07142857142857151,AF,1,0.015904311006759236,0.4999999999999999,0.5000000000000001
782,AF,0,0.14005607173119622,0.9999999999999998,2.220446049250313e-16,AF,1,0.015783542163632848,0.4999999999999999,0.5000000000000001
783,AF,0,0.13590647732918423,0.9999999999999998,2.220446049250313e-16,IF,0,0.01598462450230561,0.9999999999999998,2.220446049250313e-16
784,AF,0,0.14345382109043267,0.9999999999999998,2.220446049250313e-16,AF,1,0.016748472172024863,0.42857142857142855,0.5714285714285714
785,AF,0,0.1451637231033489,0.9285714285714285,0.07142857142857151,AF,1,0.016101530899431424,0.4999999999999999,0.5000000000000001
786,AF,0,0.13954993713708375,0.9999999999999998,2.220446049250313e-16,AF,1,0.016802754607632656,0.4999999999999999,0.5000000000000001
787,AF,0,0.13748807549950887,0.9285714285714285,0.07142857142857151,IF,0,0.016571114020363077,0.9999999999999998,2.220446049250313e-16
788,AF,0,0.14475616153202295,0.9999999999999998,2.220446049250313e-16,IF,0,0.016342088094759344,0.9999999999999998,2.220446049250313e-16
789,AF,0,0.14578631091580335,0.9999999999999998,2.220446049250313e-16,IF,0,0.01725234922383209,0.9999999999999998,2.220446049250313e-16
790,AF,0,0.14271780523863314,0.9999999999999998,2.220446049250313e-16,IF,0,0.016071955969326857,0.9999999999999998,2.220446049250313e-16
791,AF,0,0.14413395886316116,0.9999999999999998,2.220446049250313e-16,AF,1,0.015943086004466756,0.2857142857142857,0.7142857142857143
792,AF,0,0.14182037324678098,0.9999999999999998,2.220446049250313e-16,IF,0,0.016747079713441013,0.9999999999999998,2.220446049250313e-16
793,AF,0,0.14194440244230666,0.9999999999999998,2.220446049250313e-16,AF,1,0.01648186425942907,0.4999999999999999,0.5000000000000001
794,AF,0,0.1421946220000142,0.9285714285714285,0.07142857142857151,IF,0,0.016381958792754166,0.9999999999999998,2.220446049250313e-16
795,AF,0,0.14266384325330522,0.9999999999999998,2.220446049250313e-16,IF,0,0.01660356325374465,0.9999999999999998,2.220446049250313e-16
796,AF,0,0.14440519432954757,0.9999999999999998,2.220446049250313e-16,AF,1,0.01627955319915849,0.4999999999999999,0.5000000000000001
797,AF,0,0.1390716094246844,0.9999999999999998,2.220446049250313e-16,IF,0,0.01591696766423671,0.9285714285714285,0.07142857142857151
798,AF,0,0.14166974429429552,0.9285714285714285,0.07142857142857151,IF,0,0.01644707881665134,0.9999999999999998,2.220446049250313e-16
799,AF,0,0.14407973229761034,0.9285714285714285,0.07142857142857151,IF,0,0.016107797651441075,0.9999999999999998,2.220446049250313e-16
800,AF,0,0.14477902966235973,0.9999999999999998,2.220446049250313e-16,IF,0,0.015184376479249787,0.9999999999999998,2.220446049250313e-16
801,AF,0,0.13660437285722096,0.9999999999999998,2.220446049250313e-16,IF,0,0.016700820085996188,0.9285714285714285,0.07142857142857151
802,AF,0,0.14003603674062526,0.9999999999999998,2.220446049250313e-16,IF,0,0.015971779479144108,0.9999999999999998,2.220446049250313e-16
803,AF,0,0.1370911034310225,0.9285714285714285,0.07142857142857151,AF,1,0.01634735186264514,0.4999999999999999,0.5000000000000001
804,AF,0,0.1442497745511775,0.9285714285714285,0.07142857142857151,IF,0,0.016601725417181596,0.6428571428571428,0.3571428571428572
805,AF,0,0.1404521356920599,0.9285714285714285,0.07142857142857151,IF,0,0.016842655069321612,0.9999999999999998,2.220446049250313e-16
806,AF,0,0.14077632098365378,0.9999999999999998,2.220446049250313e-16,AF,1,0.016823647872527124,0.2857142857142857,0.7142857142857143
807,AF,0,0.14572959377477573,0.9999999999999998,2.220446049250313e-16,IF,0,0.01600161986646847,0.9285714285714285,0.07142857142857151
808,AF,0,0.13870146872021805,0.9999999999999998,2.220446049250313e-16,IF,0,0.016413456144130208,0.6428571428571428,0.3571428571428572
809,AF,0,0.14010975686464017,0.9999999999999998,2.220446049250313e-16,IF,0,0.01641573092003432,0.9285714285714285,0.07142857142857151
810,AF,0,0.14279765016909818,0.9999999999999998,2.220446049250313e-16,IF,0,0.016418368813416448,0.9999999999999998,2.220446049250313e-16
811,AF,0,0.13795273506895522,0.9999999999999998,2.220446049250313e-16,AF,1,0.01630437742133609,0.4999999999999999,0.5000000000000001
812,AF,0,0.14540737291624162,0.9999999999999998,2.220446049250313e-16,IF,0,0.015393603876500668,0.9285714285714285,0.07142857142857151
813,AF,0,0.1402242309588587,0.9999999999999998,2.220446049250313e-16,AF,1,0.01649054379758027,0.4999999999999999,0.5000000000000001
814,AF,0,0.14144724872652936,0.9999999999999998,2.220446049250313e-16,IF,0,0.01583659136742285,0.9999999999999998,2.220446049250313e-16
815,AF,0,0.1422359475693009,0.9999999999999998,2.220446049250313e-16,IF,0,0.01713258186809104,0.9999999999999998,2.220446049250313e-16
816,AF,0,0.1409205501268428,0.9999999999999998,2.220446049250313e-16,AF,1,0.015876743858330593,0.4999999999999999,0.5000000000000001
817,AF,0,0.14295429184623837,0.9999999999999998,2.220446049250313e-16,IF,0,0.016192495177869932,0.9999999999999998,2.220446049250313e-16
818,AF,0,0.1417456287851912,0.9999999999999998,2.220446049250313e-16,AF,1,0.01652168346008726,0.4999999999999999,0.5000000000000001
819,AF,0,0.13965601604133954,0.9999999999999998,2.220446049250313e-16,IF,0,0.0157790396683152,0.9999999999999998,2.220446049250313e-16
820,AF,0,0.14557621321931308,0.9999999999999998,2.220446049250313e-16,IF,0,0.016097767996139555,0.9285714285714285,0.07142857142857151
821,AF,0,0.14608539068150223,0.9999999999999998,2.220446049250313e-16,IF,0,0.016405914103907356,0.9999999999999998,2.220446049250313e-16
822,AF,0,0.14084567511459112,0.9999999999999998,2.220446049250313e-16,AF,1,0.016506428198062972,0.4999999999999999,0.5000000000000001
823,AF,0,0.14134899692524178,0.9999999999999998,2.220446049250313e-16,IF,0,0.015914554238846825,0.9999999999999998,2.220446049250313e-16
824,AF,0,0.14186630367837735,0.9999999999999998,2.220446049250313e-16,IF,0,0.01745701216669848,0.9999999999999998,2.220446049250313e-16
825,AF,0,0.14130912638760562,0.9999999999999998,2.220446049250313e-16,IF,0,0.016489836031174782,0.9999999999999998,2.220446049250313e-16
826,AF,0,0.13727921297071827,0.9999999999999998,2.220446049250313e-16,IF,0,0.016363440582331912,0.9999999999999998,2.220446049250313e-16
827,AF,0,0.1424083606173399,0.9999999999999998,2.220446049250313e-16,IF,0,0.016224684243325172,0.9999999999999998,2.220446049250313e-16
828,AF,0,0.1411823390424301,0.9999999999999998,2.220446049250313e-16,IF,0,0.015645076217335983,0.5714285714285714,0.4285714285714286
829,AF,0,0.14628257384565896,0.9285714285714285,0.07142857142857151,AF,1,0.015897415539297747,0.4999999999999999,0.5000000000000001
830,AF,0,0.14795976403310185,0.9999999999999998,2.220446049250313e-16,AF,1,0.015103226118247515,0.4999999999999999,0.5000000000000001
831,AF,0,0.1428864986394629,0.9999999999999998,2.220446049250313e-16,IF,0,0.016229433323896012,0.9999999999999998,2.220446049250313e-16
832,AF,0,0.14334735458130335,0.9999999999999998,2.220446049250313e-16,IF,0,0.015808447741779585,0.9999999999999998,2.220446049250313e-16
833,AF,0,0.14347051758130763,0.9999999999999998,2.220446049250313e-16,AF,1,0.015664827636909757,0.4999999999999999,0.5000000000000001
834,AF,0,0.14031576803732781,0.9999999999999998,2.220446049250313e-16,IF,0,0.015857384293937047,0.9999999999999998,2.220446049250313e-16
835,AF,0,0.14656506483410686,0.9285714285714285,0.07142857142857151,AF,1,0.01601850555491227,0.4999999999999999,0.5000000000000001
836,AF,0,0.14360717458379285,0.9999999999999998,2.220446049250313e-16,IF,0,0.015927691417819627,0.9999999999999998,2.220446049250313e-16
837,AF,0,0.14237325394899225,0.9999999999999998,2.220446049250313e-16,IF,0,0.016179574398455857,0.6428571428571428,0.3571428571428572
838,AF,0,0.14228183013198623,0.9999999999999998,2.220446049250313e-16,IF,0,0.016623746055639023,0.5714285714285714,0.4285714285714286
839,AF,0,0.14228497024845166,0.9999999999999998,2.220446049250313e-16,AF,1,0.016213315523738198,0.42857142857142855,0.5714285714285714
840,AF,0,0.13984197096587175,0.9999999999999998,2.220446049250313e-16,IF,0,0.01656414944995553,0.9999999999999998,2.220446049250313e-16
841,AF,0,0.1386694511763214,0.9285714285714285,0.07142857142857151,AF,1,0.016023042421038806,0.42857142857142855,0.5714285714285714
842,AF,0,0.14721811093914922,0.9999999999999998,2.220446049250313e-16,AF,1,0.01643183442890588,0.4999999999999999,0.5000000000000001
843,AF,0,0.1353631522413488,0.9999999999999998,2.220446049250313e-16,IF,0,0.017096602637238553,0.9999999999999998,2.220446049250313e-16
844,AF,0,0.14124815044028116,0.9999999999999998,2.220446049250313e-16,AF,1,0.015334279496986718,0.4999999999999999,0.5000000000000001
845,AF,0,0.13629518962452952,0.9999999999999998,2.220446049250313e-16,IF,0,0.01616115388480881,0.9285714285714285,0.07142857142857151
846,AF,0,0.14192834534192975,0.9999999999999998,2.220446049250313e-16,IF,0,0.01579077407330648,0.9999999999999998,2.220446049250313e-16
847,AF,0,0.1359214714442182,0.9999999999999998,2.220446049250313e-16,IF,0,0.016495619300068414,0.9285714285714285,0.07142857142857151
848,AF,0,0.13510196861723356,0.9999999999999998,2.220446049250313e-16,AF,1,0.015868475173185122,0.4999999999999999,0.5000000000000001
849,AF,0,0.14609136721164717,0.9999999999999998,2.220446049250313e-16,AF,1,0.01614368551565008,0.4999999999999999,0.5000000000000001
850,AF,0,0.14350269708779273,0.9999999999999998,2.220446049250313e-16,IF,0,0.01607162402090827,0.9285714285714285,0.07142857142857151
851,AF,0,0.14146768170269447,0.9999999999999998,2.220446049250313e-16,IF,0,0.016271680925447243,0.9999999999999998,2.220446049250313e-16
852,AF,0,0.13824263182191165,0.9999999999999998,2.220446049250313e-16,IF,0,0.017048275189847615,0.9999999999999998,2.220446049250313e-16
853,AF,0,0.1445069840343956,0.9999999999999998,2.220446049250313e-16,AF,1,0.01620717816977803,0.4999999999999999,0.5000000000000001
854,AF,0,0.14292815574040868,0.9999999999999998,2.220446049250313e-16,AF,1,0.015494106569529056,0.4999999999999999,0.5000000000000001
855,AF,0,0.14329385199078148,0.9285714285714285,0.07142857142857151,AF,1,0.0157282981098377,0.21428571428571427,0.7857142857142857
856,AF,0,0.1397411725186825,0.9999999999999998,2.220446049250313e-16,IF,0,0.01617182783784892,0.9999999999999998,2.220446049250313e-16
857,AF,0,0.14114093327734276,0.9999999999999998,2.220446049250313e-16,IF,0,0.015974607894054752,0.9999999999999998,2.220446049250313e-16
858,AF,0,0.14418421537222476,0.9999999999999998,2.220446049250313e-16,IF,0,0.016705589603388672,0.9999999999999998,2.220446049250313e-16
859,AF,0,0.13131594688386022,0.9285714285714285,0.07142857142857151,AF,1,0.016277166848167577,0.4999999999999999,0.5000000000000001
860,AF,0,0.14437040522139155,0.9999999999999998,2.220446049250313e-16,AF,1,0.01635383254580594,0.42857142857142855,0.5714285714285714
861,AF,0,0.14320810055561167,0.9999999999999998,2.220446049250313e-16,IF,0,0.016621022305167033,0.9999999999999998,2.220446049250313e-16
862,AF,0,0.1394649969655518,0.9999999999999998,2.220446049250313e-16,AF,1,0.016119618635380438,0.42857142857142855,0.5714285714285714
863,AF,0,0.13812028307868923,0.9999999999999998,2.220446049250313e-16,AF,1,0.016448048703067986,0.4999999999999999,0.5000000000000001
864,AF,0,0.14053442618816628,0.9999999999999998,2.220446049250313e-16,AF,1,0.015895594767445963,0.4999999999999999,0.5000000000000001
865,AF,0,0.14432272624313897,0.9999999999999998,2.220446049250313e-16,IF,0,0.015781048073700097,0.9999999999999998,2.220446049250313e-16
866,AF,0,0.13924346244826852,0.9285714285714285,0.07142857142857151,AF,1,0.015447127484181773,0.42857142857142855,0.5714285714285714
867,AF,0,0.14696876064770023,0.9999999999999998,2.220446049250313e-16,IF,0,0.01604036091840129,0.9999999999999998,2.220446049250313e-16
868,AF,0,0.1433251176393901,0.9285714285714285,0.07142857142857151,AF,1,0.016007145394677617,0.42857142857142855,0.5714285714285714
869,AF,0,0.14156799747385584,0.9999999999999998,2.220446049250313e-16,AF,1,0.016344389886118988,0.2857142857142857,0.7142857142857143
870,AF,0,0.14248913854278134,0.9999999999999998,2.220446049250313e-16,IF,0,0.017251384000857194,0.9285714285714285,0.07142857142857151
871,AF,0,0.14419361127741448,0.9285714285714285,0.07142857142857151,AF,1,0.016386184142325958,0.2857142857142857,0.7142857142857143
872,AF,0,0.14415870447309242,0.9999999999999998,2.220446049250313e-16,IF,0,0.01620719683385357,0.6428571428571428,0.3571428571428572
873,AF,0,0.14413715303729008,0.9285714285714285,0.07142857142857151,IF,0,0.016537827032723017,0.9999999999999998,2.220446049250313e-16
874,AF,0,0.14003912512503303,0.9999999999999998,2.220446049250313e-16,AF,1,0.015873592356636892,0.4999999999999999,0.5000000000000001
875,AF,0,0.13894511492303416,0.9999999999999998,2.220446049250313e-16,AF,1,0.015722880309924064,0.4999999999999999,0.5000000000000001
876,AF,0,0.14502328976397888,0.9999999999999998,2.220446049250313e-16,IF,0,0.016874049546981917,0.9999999999999998,2.220446049250313e-16
877,AF,0,0.14195555908890523,0.9999999999999998,2.220446049250313e-16,IF,0,0.016030204790668072,0.9999999999999998,2.220446049250313e-16
878,AF,0,0.14312691953543802,0.9999999999999998,2.220446049250313e-16,IF,0,0.01591207889418025,0.9999999999999998,2.220446049250313e-16
879,AF,0,0.13584668189338733,0.9285714285714285,0.07142857142857151,AF,1,0.015906987569455047,0.4999999999999999,0.5000000000000001
880,AF,0,0.14313561381222994,0.9999999999999998,2.220446049250313e-16,IF,0,0.016670902976210388,0.9999999999999998,2.220446049250313e-16
881,AF,0,0.14952553655268766,0.9285714285714285,0.07142857142857151,IF,0,0.015984607773457643,0.9999999999999998,2.220446049250313e-16
882,AF,0,0.14157709059768825,0.9999999999999998,2.220446049250313e-16,IF,0,0.016505432791581228,0.9285714285714285,0.07142857142857151
883,AF,0,0.13648966068466328,0.9999999999999998,2.220446049250313e-16,IF,0,0.016057294928778314,0.9999999999999998,2.220446049250313e-16
884,AF,0,0.13842705794749355,0.9999999999999998,2.220446049250313e-16,AF,1,0.01583561426220199,0.4999999999999999,0.5000000000000001
885,AF,0,0.14116520966352958,0.9999999999999998,2.220446049250313e-16,AF,1,0.016048367669960446,0.4999999999999999,0.5000000000000001
886,AF,0,0.14187752767647085,0.9999999999999998,2.220446049250313e-16,IF,0,0.016204123347961206,0.9999999999999998,2.220446049250313e-16
887,AF,0,0.1385580462842711,0.9999999999999998,2.220446049250313e-16,IF,0,0.017053182796539963,0.9999999999999998,2.220446049250313e-16
888,AF,0,0.14184763151007587,0.9999999999999998,2.220446049250313e-16,IF,0,0.015765851065803107,0.9999999999999998,2.220446049250313e-16
889,AF,0,0.14180826258259097,0.9999999999999998,2.220446049250313e-16,IF,0,0.015796396637892875,0.9285714285714285,0.07142857142857151
890,AF,0,0.1414738806345497,0.9999999999999998,2.220446049250313e-16,IF,0,0.01631755450346735,0.9999999999999998,2.220446049250313e-16
891,AF,0,0.13931446633412065,0.9999999999999998,2.220446049250313e-16,IF,0,0.016715614247357277,0.9999999999999998,2.220446049250313e-16
892,AF,0,0.1406719894639849,0.9999999999999998,2.220446049250313e-16,IF,0,0.017483032020933955,0.9285714285714285,0.07142857142857151
893,AF,0,0.14717646360057146,0.9999999999999998,2.220446049250313e-16,IF,0,0.016124954770583184,0.9999999999999998,2.220446049250313e-16
894,AF,0,0.14712959330084602,0.9999999999999998,2.220446049250313e-16,IF,0,0.015897213221314592,0.9285714285714285,0.07142857142857151
895,AF,0,0.1438084048772491,0.9999999999999998,2.220446049250313e-16,IF,0,0.015680322133038983,0.9999999999999998,2.220446049250313e-16
896,AF,0,0.14346217277820592,0.9999999999999998,2.220446049250313e-16,AF,1,0.01631035173347002,0.42857142857142855,0.5714285714285714
897,AF,0,0.14725360738543913,0.9999999999999998,2.220446049250313e-16,AF,1,0.01562193381407988,0.2857142857142857,0.7142857142857143
898,AF,0,0.14952125183216092,0.9999999999999998,2.220446049250313e-16,IF,0,0.01654446866111136,0.9285714285714285,0.07142857142857151
899,AF,0,0.14283998975231024,0.9999999999999998,2.220446049250313e-16,IF,0,0.01602026014873959,0.9999999999999998,2.220446049250313e-16
900,AF,0,0.14664142492606685,0.9999999999999998,2.220446049250313e-16,IF,0,0.016260939939920185,0.9999999999999998,2.220446049250313e-16
901,AF,0,0.1393531870727588,0.9999999999999998,2.220446049250313e-16,IF,0,0.016278278313454783,0.9999999999999998,2.220446049250313e-16
902,AF,0,0.14047509180854711,0.9999999999999998,2.220446049250313e-16,IF,0,0.015819178543009682,0.9999999999999998,2.220446049250313e-16
903,AF,0,0.138865349150971,0.9999999999999998,2.220446049250313e-16,IF,0,0.01609373819091475,0.9999999999999998,2.220446049250313e-16
904,AF,0,0.14669889632222527,0.9285714285714285,0.07142857142857151,IF,0,0.016664022616214424,0.9999999999999998,2.220446049250313e-16
905,AF,0,0.14363001923679058,0.9999999999999998,2.220446049250313e-16,IF,0,0.015846753036050487,0.9285714285714285,0.07142857142857151
906,AF,0,0.14320247940409098,0.9999999999999998,2.220446049250313e-16,AF,1,0.016451714098251753,0.4999999999999999,0.5000000000000001
907,AF,0,0.13836346010131162,0.9285714285714285,0.07142857142857151,IF,0,0.016263978690198196,0.9999999999999998,2.220446049250313e-16
908,AF,0,0.14404433874871403,0.9999999999999998,2.220446049250313e-16,IF,0,0.015833524681259762,0.9999999999999998,2.220446049250313e-16
909,AF,0,0.14077589176854668,0.9999999999999998,2.220446049250313e-16,IF,0,0.01598643506520338,0.9285714285714285,0.07142857142857151
910,AF,0,0.14273729910305472,0.9999999999999998,2.220446049250313e-16,IF,0,0.01656126234665692,0.9285714285714285,0.07142857142857151
911,AF,0,0.1422637937307957,0.9999999999999998,2.220446049250313e-16,IF,0,0.016157979488066583,0.9999999999999998,2.220446049250313e-16
912,AF,0,0.13869399640118754,0.9999999999999998,2.220446049250313e-16,AF,1,0.015845602649257842,0.4999999999999999,0.5000000000000001
913,AF,0,0.14034920117824387,0.9999999999999998,2.220446049250313e-16,IF,0,0.016647435683540317,0.9999999999999998,2.220446049250313e-16
914,AF,0,0.14251875185732193,0.9285714285714285,0.07142857142857151,IF,0,0.015799918676058546,0.9285714285714285,0.07142857142857151
915,AF,0,0.14507653893824102,0.9285714285714285,0.07142857142857151,AF,1,0.016518202705365522,0.42857142857142855,0.5714285714285714
916,AF,0,0.14263500168074583,0.9999999999999998,2.220446049250313e-16,IF,0,0.01563855189620876,0.9285714285714285,0.07142857142857151
917,AF,0,0.1381849492392048,0.9999999999999998,2.220446049250313e-16,IF,0,0.016276315120502986,0.9999999999999998,2.220446049250313e-16
918,AF,0,0.14302790002442883,0.9999999999999998,2.220446049250313e-16,IF,0,0.016472864464256175,0.9999999999999998,2.220446049250313e-16
919,AF,0,0.14185811451172592,0.9999999999999998,2.220446049250313e-16,IF,0,0.015747707447117856,0.9999999999999998,2.220446049250313e-16
920,AF,0,0.1485107382439238,0.9999999999999998,2.220446049250313e-16,IF,0,0.017021463609437546,0.9999999999999998,2.220446049250313e-16
921,AF,0,0.1396069756837653,0.9285714285714285,0.07142857142857151,AF,1,0.016440528305859063,0.42857142857142855,0.5714285714285714
922,AF,0,0.1418186221152386,0.9999999999999998,2.220446049250313e-16,AF,1,0.01554197688684629,0.4999999999999999,0.5000000000000001
923,AF,0,0.14010870002050646,0.9285714285714285,0.07142857142857151,IF,0,0.015753975099822813,0.9285714285714285,0.07142857142857151
924,AF,0,0.14301885199090636,0.9285714285714285,0.07142857142857151,IF,0,0.0157681248023655,0.9999999999999998,2.220446049250313e-16
925,AF,0,0.14166272274310357,0.9999999999999998,2.220446049250313e-16,IF,0,0.016117485141086442,0.9999999999999998,2.220446049250313e-16
926,AF,0,0.13980188566343377,0.9999999999999998,2.220446049250313e-16,AF,1,0.016264543259638505,0.42857142857142855,0.5714285714285714
927,AF,0,0.14285031215873392,0.9999999999999998,2.220446049250313e-16,IF,0,0.01588593243827078,0.9999999999999998,2.220446049250313e-16
928,AF,0,0.14100910034977626,0.9999999999999998,2.220446049250313e-16,IF,0,0.017073766396730982,0.9999999999999998,2.220446049250313e-16
929,AF,0,0.14213282083079704,0.9999999999999998,2.220446049250313e-16,IF,0,0.015611138648684117,0.9999999999999998,2.220446049250313e-16
930,AF,0,0.14039810314819146,0.9285714285714285,0.07142857142857151,IF,0,0.01640269500160942,0.9999999999999998,2.220446049250313e-16
931,AF,0,0.14073828426562396,0.9999999999999998,2.220446049250313e-16,AF,1,0.0161836606290221,0.2857142857142857,0.7142857142857143
932,AF,0,0.14379977378059725,0.9999999999999998,2.220446049250313e-16,IF,0,0.016442514534076566,0.9999999999999998,2.220446049250313e-16
933,AF,0,0.1449651024492386,0.9999999999999998,2.220446049250313e-16,IF,0,0.015615985174680137,0.9999999999999998,2.220446049250313e-16
934,AF,0,0.14658928921268827,0.9285714285714285,0.07142857142857151,IF,0,0.015923121473785516,0.9999999999999998,2.220446049250313e-16
935,AF,0,0.1440993370384298,0.9999999999999998,2.220446049250313e-16,AF,1,0.016605308938197522,0.4999999999999999,0.5000000000000001
936,AF,0,0.14181927612784845,0.9999999999999998,2.220446049250313e-16,IF,0,0.016149085264434083,0.9999999999999998,2.220446049250313e-16
937,AF,0,0.14585467317490028,0.9285714285714285,0.07142857142857151,AF,1,0.01593025157899549,0.4999999999999999,0.5000000000000001
938,AF,0,0.13942919857850197,0.9999999999999998,2.220446049250313e-16,AF,1,0.015599457762199969,0.4999999999999999,0.5000000000000001
939,AF,0,0.14529395697750463,0.9999999999999998,2.220446049250313e-16,AF,1,0.01595134207684649,0.4999999999999999,0.5000000000000001
940,AF,0,0.13768839811677622,0.9999999999999998,2.220446049250313e-16,IF,0,0.015996473323440324,0.9999999999999998,2.220446049250313e-16
941,AF,0,0.14405139863857125,0.9285714285714285,0.07142857142857151,AF,1,0.016379521889832074,0.42857142857142855,0.5714285714285714
942,AF,0,0.14322334720586602,0.9999999999999998,2.220446049250313e-16,AF,1,0.015640549085612604,0.4999999999999999,0.5000000000000001
943,AF,0,0.13269173479858332,0.9285714285714285,0.07142857142857151,AF,1,0.015778738901465087,0.4999999999999999,0.5000000000000001
944,AF,0,0.14192101296789728,0.9285714285714285,0.07142857142857151,AF,1,0.016266421207641796,0.4999999999999999,0.5000000000000001
945,AF,0,0.14512986733048977,0.9999999999999998,2.220446049250313e-16,IF,0,0.016245838659974296,0.9999999999999998,2.220446049250313e-16
946,AF,0,0.14067179820836237,0.9999999999999998,2.220446049250313e-16,IF,0,0.015426503466840841,0.9999999999999998,2.220446049250313e-16
947,AF,0,0.1403691779479745,0.9285714285714285,0.07142857142857151,IF,0,0.01655615627165994,0.9999999999999998,2.220446049250313e-16
948,AF,0,0.13714856114918195,0.9999999999999998,2.220446049250313e-16,AF,1,0.01642521671686625,0.4999999999999999,0.5000000000000001
949,AF,0,0.1429965677421685,0.9999999999999998,2.220446049250313e-16,IF,0,0.01692769910656996,0.9999999999999998,2.220446049250313e-16
950,AF,0,0.14526806070587867,0.9999999999999998,2.220446049250313e-16,IF,0,0.015878644722939813,0.9999999999999998,2.220446049250313e-16
951,AF,0,0.14132271915437342,0.9999999999999998,2.220446049250313e-16,IF,0,0.0162264957246425,0.9285714285714285,0.07142857142857151
952,AF,0,0.14409485344647302,0.9999999999999998,2.220446049250313e-16,IF,0,0.016182347140649,0.9999999999999998,2.220446049250313e-16
953,AF,0,0.1502594874826566,0.9285714285714285,0.07142857142857151,AF,1,0.016222645742449845,0.2857142857142857,0.7142857142857143
954,AF,0,0.14101929923642903,0.9999999999999998,2.220446049250313e-16,IF,0,0.016033145600774224,0.9999999999999998,2.220446049250313e-16
955,AF,0,0.13983830836027172,0.9999999999999998,2.220446049250313e-16,IF,0,0.016287637383515578,0.9999999999999998,2.220446049250313e-16
956,AF,0,0.13875134561192962,0.9999999999999998,2.220446049250313e-16,AF,1,0.015971986216742538,0.4999999999999999,0.5000000000000001
957,AF,0,0.13812213880889307,0.9999999999999998,2.220446049250313e-16,AF,1,0.016099322194649282,0.2857142857142857,0.7142857142857143
958,AF,0,0.1455163285658524,0.9999999999999998,2.220446049250313e-16,IF,0,0.015862256330816168,0.9999999999999998,2.220446049250313e-16
959,AF,0,0.13570307695204264,0.9285714285714285,0.07142857142857151,IF,0,0.016204295645561625,0.9285714285714285,0.07142857142857151
960,AF,0,0.13582770612651862,0.9999999999999998,2.220446049250313e-16,IF,0,0.01588948316406061,0.9285714285714285,0.07142857142857151
961,AF,0,0.13959030626442046,0.9999999999999998,2.220446049250313e-16,IF,0,0.016050958094043454,0.9285714285714285,0.07142857142857151
962,AF,0,0.14100815836634695,0.9999999999999998,2.220446049250313e-16,IF,0,0.015601217494221279,0.9285714285714285,0.07142857142857151
963,AF,0,0.13847368094023507,0.9999999999999998,2.220446049250313e-16,IF,0,0.01650237989246889,0.9999999999999998,2.220446049250313e-16
964,AF,0,0.1407617034486895,0.9999999999999998,2.220446049250313e-16,IF,0,0.016229582727457066,0.9999999999999998,2.220446049250313e-16
965,AF,0,0.14568088643712246,0.9285714285714285,0.07142857142857151,AF,1,0.01591104998367534,0.42857142857142855,0.5714285714285714
966,AF,0,0.13921282452182898,0.9285714285714285,0.07142857142857151,IF,0,0.015887209979054812,0.9999999999999998,2.220446049250313e-16
967,AF,0,0.14376371470543794,0.9285714285714285,0.07142857142857151,AF,1,0.016720184414543822,0.4999999999999999,0.5000000000000001
968,AF,0,0.1434634722269853,0.9999999999999998,2.220446049250313e-16,IF,0,0.016394552952932618,0.9285714285714285,0.07142857142857151
969,AF,0,0.13985006867971161,0.9999999999999998,2.220446049250313e-16,IF,0,0.01678305949325128,0.9999999999999998,2.220446049250313e-16
970,AF,0,0.1477298157466725,0.9999999999999998,2.220446049250313e-16,IF,0,0.0167332425335998,0.9999999999999998,2.220446049250313e-16
971,AF,0,0.14272109501593244,0.9999999999999998,2.220446049250313e-16,AF,1,0.016105324550223538,0.4999999999999999,0.5000000000000001
972,AF,0,0.13787371676685678,0.9999999999999998,2.220446049250313e-16,IF,0,0.016302520224301544,0.9285714285714285,0.07142857142857151
973,AF,0,0.14816903825473376,0.9999999999999998,2.220446049250313e-16,IF,0,0.016255447416416827,0.9999999999999998,2.220446049250313e-16
974,AF,0,0.1465732087426742,0.9285714285714285,0.07142857142857151,IF,0,0.01644503073198847,0.9999999999999998,2.220446049250313e-16
975,AF,0,0.1439986426477911,0.9999999999999998,2.220446049250313e-16,AF,1,0.016185989724014044,0.4999999999999999,0.5000000000000001
976,AF,0,0.14463276294284094,0.9285714285714285,0.07142857142857151,IF,0,0.016131900549420083,0.9999999999999998,2.220446049250313e-16
977,AF,0,0.1384173290395193,0.9999999999999998,2.220446049250313e-16,AF,1,0.01599576319027263,0.4999999999999999,0.5000000000000001
978,AF,0,0.1464214671731859,0.9999999999999998,2.220446049250313e-16,IF,0,0.01634148770539383,0.9999999999999998,2.220446049250313e-16
979,AF,0,0.13348460247842014,0.9999999999999998,2.220446049250313e-16,IF,0,0.01624062112289379,0.9285714285714285,0.07142857142857151
980,AF,0,0.14025481525481526,0.9999999999999998,2.220446049250313e-16,IF,0,0.016025553935840854,0.9285714285714285,0.07142857142857151
981,AF,0,0.13723832857776322,0.9999999999999998,2.220446049250313e-16,AF,1,0.016063261510288782,0.4999999999999999,0.5000000000000001
982,AF,0,0.14001619103066987,0.9285714285714285,0.07142857142857151,AF,1,0.015792119532296648,0.4999999999999999,0.5000000000000001
983,AF,0,0.1417750429345994,0.9999999999999998,2.220446049250313e-16,AF,1,0.015857372929609256,0.4999999999999999,0.5000000000000001
984,AF,0,0.13775786309702154,0.9999999999999998,2.220446049250313e-16,AF,1,0.01630873577166801,0.4999999999999999,0.5000000000000001
985,AF,0,0.13899493693496948,0.9999999999999998,2.220446049250313e-16,AF,1,0.016154847036598814,0.42857142857142855,0.5714285714285714
986,AF,0,0.14273654503563837,0.9999999999999998,2.220446049250313e-16,AF,1,0.01614689450745246,0.42857142857142855,0.5714285714285714
987,AF,0,0.14104309812787558,0.9999999999999998,2.220446049250313e-16,IF,0,0.01692686428433676,0.6428571428571428,0.3571428571428572
988,AF,0,0.14146386521505397,0.9999999999999998,2.220446049250313e-16,IF,0,0.017013620604262595,0.9999999999999998,2.220446049250313e-16
989,AF,0,0.13940245025632564,0.9999999999999998,2.220446049250313e-16,IF,0,0.015812047131244598,0.9285714285714285,0.07142857142857151
990,AF,0,0.1420370531093391,0.9999999999999998,2.220446049250313e-16,AF,1,0.01572727696693067,0.4999999999999999,0.5000000000000001
991,AF,0,0.14140638638514547,0.9999999999999998,2.220446049250313e-16,AF,1,0.015599680831273655,0.4999999999999999,0.5000000000000001
992,AF,0,0.14136815219426666,0.9285714285714285,0.07142857142857151,IF,0,0.015374951694570139,0.9999999999999998,2.220446049250313e-16
993,AF,0,0.14093201896450153,0.9999999999999998,2.220446049250313e-16,IF,0,0.016063999443707296,0.9285714285714285,0.07142857142857151
994,AF,0,0.14166202488990526,0.9999999999999998,2.220446049250313e-16,IF,0,0.01582910565217246,0.9999999999999998,2.220446049250313e-16
995,AF,0,0.14505023720669907,0.9999999999999998,2.220446049250313e-16,IF,0,0.016687058352395055,0.9999999999999998,2.220446049250313e-16
996,AF,0,0.13934029260878344,0.9999999999999998,2.220446049250313e-16,IF,0,0.016971097452787326,0.9285714285714285,0.07142857142857151
997,AF,0,0.146364917925311,0.9999999999999998,2.220446049250313e-16,IF,0,0.01630983389871088,0.6428571428571428,0.3571428571428572
998,AF,0,0.14457748173535384,0.9285714285714285,0.07142857142857151,AF,1,0.015918393193258495,0.4999999999999999,0.5000000000000001
999,AF,0,0.14224257195193335,0.9999999999999998,2.220446049250313e-16,AF,1,0.016431147611594314,0.4999999999999999,0.5000000000000001
1000,AF,0,0.14142276968148287,0.9999999999999998,2.220446049250313e-16,IF,0,0.0154303129539357,0.9999999999999998,2.220446049250313e-16
